id,first_name,last_name,email,credit_card_num,credit_card_type,balance
1,Nonnah,Boykett,nboykett0@businessinsider.com,345540032737941,americanexpress,£630.40
2,Vittorio,Dickinson,vdickinson1@imgur.com,337941215922989,americanexpress,£82.86
3,Sarah,Swanston,sswanston2@uiuc.edu,3582368202710712,jcb,£771.07
4,Dorotea,Bernolet,dbernolet3@cam.ac.uk,3550922245736817,jcb,£1443.83
5,Evangelin,Dodshun,edodshun4@slideshare.net,344016183007138,americanexpress,£255.03
6,Brigit,Korn,bkorn5@imgur.com,3576113084673127,jcb,£1274.80
7,My,Narracott,mnarracott6@friendfeed.com,3539593452794249,jcb,£371.04
8,Carter,Szymonwicz,cszymonwicz7@who.int,5641821161283166,switch,£592.40
9,Gerry,Rotherforth,grotherforth8@ted.com,3557108976684367,jcb,£1673.11
10,Ulick,Ikins,uikins9@google.nl,3581417730496681,jcb,£375.77
11,Dasi,Dimitru,ddimitrua@cyberchimps.com,6763939654476608,maestro,£833.67
12,Gar,Bradshaw,gbradshawb@ovh.net,3557973046262357,jcb,£361.89
13,Othella,Copas,ocopasc@redcross.org,5100134304178481,mastercard,£2307.60
14,Nichole,Blackboro,nblackborod@nbcnews.com,36247718188282,diners-club-international,£806.76
15,Sophia,Cromett,scromette@alibaba.com,375696375606987,americanexpress,£811.10
16,Ferguson,Draycott,fdraycottf@nytimes.com,3566483959352327,jcb,£234.54
17,Willdon,Broyd,wbroydg@yelp.com,3565899230025419,jcb,£819.80
18,Retha,MacCague,rmaccagueh@buzzfeed.com,3557701692311412,jcb,£830.12
19,Korie,Matzke,kmatzkei@miibeian.gov.cn,3582709538483856,jcb,£2284.88
20,Kassandra,Gaisford,kgaisfordj@xinhuanet.com,6761279876625819592,maestro,£1985.99
21,Anders,Rosario,arosariok@indiatimes.com,6304838230113204,laser,£1760.82
22,Hiram,Jellicorse,hjellicorsel@technorati.com,4917501430000613,visa-electron,£1444.83
23,Raoul,Derby,rderbym@marriott.com,5602211277495879,china-unionpay,£1898.30
24,Manny,Twidell,mtwidelln@webnode.com,4508388073168591,visa-electron,£2135.94
25,Obediah,Norquoy,onorquoyo@plala.or.jp,3535120825058088,jcb,£1868.66
26,Salvador,Parmiter,sparmiterp@drupal.org,6762570654959532,maestro,£1019.15
27,Althea,Climpson,aclimpsonq@who.int,201592466943449,diners-club-enroute,£851.42
28,Shannah,Heenan,sheenanr@kickstarter.com,3554875060649844,jcb,£1330.33
29,Giovanna,Brew,gbrews@soundcloud.com,3540089812121303,jcb,£1402.03
30,Doti,Yegoshin,dyegoshint@hibu.com,3534326026385896,jcb,£887.01
31,Doro,Cunniff,dcunniffu@imageshack.us,3532575131962492,jcb,£1324.12
32,Viva,Osbourn,vosbournv@quantcast.com,201558219535477,diners-club-enroute,£1056.05
33,Bertrand,Kadwallider,bkadwalliderw@smugmug.com,3547290150540509,jcb,£1902.75
34,Aurilia,O'Shea,aosheax@tamu.edu,6333374309846665695,switch,£42.09
35,Orbadiah,Hallybone,ohallyboney@thetimes.co.uk,6380441777990931,instapayment,£2055.43
36,Cindra,Dursley,cdursleyz@dmoz.org,6706434876709471549,laser,£654.41
37,Shelley,Sleford,ssleford10@plala.or.jp,3560139102128024,jcb,£1873.72
38,Madeleine,Darville,mdarville11@baidu.com,5100171748243497,mastercard,£608.90
39,Rori,Lorenc,rlorenc12@economist.com,4844010928793406,visa-electron,£2435.91
40,Shina,Walbrook,swalbrook13@google.fr,30509648167827,diners-club-carte-blanche,£122.02
41,Corabel,Kimbell,ckimbell14@dagondesign.com,3540729560706140,jcb,£1940.75
42,Anita,Rowden,arowden15@dedecms.com,5602218886166122,china-unionpay,£1543.75
43,Lexi,Belsher,lbelsher16@engadget.com,3580896486435848,jcb,£1978.65
44,Lianne,Boucher,lboucher17@hao123.com,3545664457830569,jcb,£550.46
45,Petronia,Beggs,pbeggs18@ebay.co.uk,337941700147696,americanexpress,£802.72
46,Dusty,Fewster,dfewster19@technorati.com,3550708166700829,jcb,£1285.82
47,Betta,Aleshkov,baleshkov1a@usnews.com,3577482829714549,jcb,£1182.81
48,Abner,Henrique,ahenrique1b@theglobeandmail.com,3533422574679623,jcb,£2375.47
49,Daffie,Banyard,dbanyard1c@linkedin.com,50185809778882601,maestro,£1624.64
50,Kurtis,Niaves,kniaves1d@utexas.edu,5108759942392508,mastercard,£663.51
51,Ase,Lyddiard,alyddiard1e@mail.ru,6391192259035904,instapayment,£878.42
52,Herculie,Moakes,hmoakes1f@amazon.com,3531668359490600,jcb,£1770.34
53,Justinian,Tucsell,jtucsell1g@google.fr,3545472517154818,jcb,£751.58
54,Travers,Pearmine,tpearmine1h@accuweather.com,3540909313469036,jcb,£2173.82
55,Zacharia,Ludlom,zludlom1i@rakuten.co.jp,201445608247312,diners-club-enroute,£2008.17
56,Oralla,Ruddin,oruddin1j@icq.com,3572137658572211,jcb,£2177.00
57,Tatiana,Burg,tburg1k@huffingtonpost.com,3543956250908432,jcb,£1454.95
58,Asa,Nials,anials1l@noaa.gov,4175009205382338,visa-electron,£863.32
59,Germana,Boscott,gboscott1m@wp.com,3564359941391148,jcb,£678.87
60,Karney,Rzehor,krzehor1n@jiathis.com,374283704364967,americanexpress,£2487.71
61,Tonia,Kiely,tkiely1o@feedburner.com,67091898163757400,laser,£145.53
62,Tobye,Beuscher,tbeuscher1p@hhs.gov,3544556923725871,jcb,£1294.43
63,Tobie,Matusov,tmatusov1q@creativecommons.org,3554676840787882,jcb,£1346.14
64,Oralee,Fright,ofright1r@cam.ac.uk,3575537747210003,jcb,£208.03
65,Georgie,Kubiczek,gkubiczek1s@webs.com,3545744398050533,jcb,£2056.54
66,Sorcha,Heinsh,sheinsh1t@istockphoto.com,378469295966023,americanexpress,£408.94
67,Rhonda,McTeer,rmcteer1u@earthlink.net,67063144905992060,laser,£1777.27
68,Warner,Jacob,wjacob1v@state.gov,3536059616376318,jcb,£1017.25
69,Letisha,Perry,lperry1w@tamu.edu,6388104103377700,instapayment,£632.79
70,Mauricio,Delgua,mdelgua1x@telegraph.co.uk,374622425476826,americanexpress,£196.36
71,Natalina,Harken,nharken1y@surveymonkey.com,5602238190572225549,china-unionpay,£2270.60
72,Clarinda,Swabey,cswabey1z@bbc.co.uk,4026517767248854,visa-electron,£931.14
73,Devan,Di Giacomo,ddigiacomo20@domainmarket.com,5371767193276130,mastercard,£1956.58
74,Beniamino,Graal,bgraal21@github.io,3532472214408496,jcb,£1026.23
75,Mark,Lunney,mlunney22@utexas.edu,3560425957000867,jcb,£740.68
76,Northrup,Hulatt,nhulatt23@skyrock.com,36473034254240,diners-club-international,£1322.48
77,Isis,Prendergrass,iprendergrass24@newyorker.com,4936145143322737169,switch,£1441.70
78,Lincoln,Tutchings,ltutchings25@fastcompany.com,503882548233128366,maestro,£501.04
79,Reinhold,Spark,rspark26@webeden.co.uk,3546170604388815,jcb,£1541.14
80,Mace,Hulson,mhulson27@aol.com,3532736859490849,jcb,£647.46
81,Carlyle,Putley,cputley28@nationalgeographic.com,3543183617572609,jcb,£612.21
82,Trixi,Asty,tasty29@mapy.cz,491129645395273864,switch,£2392.05
83,Jacynth,Cluely,jcluely2a@businessinsider.com,5018818772694177695,maestro,£1957.62
84,Preston,O'Dea,podea2b@apache.org,5360448863396846,mastercard,£1507.01
85,Shelagh,Grestie,sgrestie2c@slideshare.net,3549889465957973,jcb,£998.90
86,Goldia,Bodimeade,gbodimeade2d@mayoclinic.com,3583256643618942,jcb,£2320.23
87,Doe,Hartrick,dhartrick2e@yelp.com,201710349642679,diners-club-enroute,£2205.93
88,Stanly,Attow,sattow2f@hhs.gov,3538730035205621,jcb,£368.75
89,Terra,Riep,triep2g@dailymail.co.uk,4026867096891787,visa-electron,£854.29
90,Nolie,Trivett,ntrivett2h@timesonline.co.uk,3529291218244094,jcb,£1267.41
91,King,Sones,ksones2i@infoseek.co.jp,6386272104668476,instapayment,£473.39
92,Tedmund,Abbatucci,tabbatucci2j@state.tx.us,3578200840083903,jcb,£1794.79
93,Prudi,Kimmerling,pkimmerling2k@vistaprint.com,3535215406833535,jcb,£2348.71
94,Dominica,Tallman,dtallman2l@blinklist.com,67596964479207025,maestro,£1894.84
95,Miles,Bernardin,mbernardin2m@hexun.com,3563186972236285,jcb,£813.21
96,Addi,Micheli,amicheli2n@moonfruit.com,06046800017608379,maestro,£355.61
97,Oberon,Truckett,otruckett2o@nifty.com,4175006832179889,visa-electron,£1722.63
98,Marjy,Ismead,mismead2p@nydailynews.com,6759457111575723943,maestro,£282.97
99,Alexine,Mc Combe,amccombe2q@flavors.me,5602250148442033,bankcard,£0.31
100,Natal,Rands,nrands2r@cdbaby.com,3569675387264258,jcb,£953.03
101,Bartolemo,Reagan,breagan2s@sina.com.cn,5602240349917313,bankcard,£410.48
102,Fayette,Borres,fborres2t@simplemachines.org,676147614199672667,maestro,£1948.91
103,Bettina,Hughlin,bhughlin2u@photobucket.com,5100145713225119,mastercard,£909.42
104,Ruperto,Wilkin,rwilkin2v@un.org,4026067694802316,visa-electron,£636.31
105,Yettie,Lynett,ylynett2w@de.vu,4017957799275585,visa,£296.26
106,Ferd,Keyho,fkeyho2x@deliciousdays.com,3543670408109823,jcb,£2401.96
107,Adella,Truett,atruett2y@over-blog.com,3552373504182962,jcb,£1475.38
108,Grier,Abel,gabel2z@skype.com,3580753349608907,jcb,£81.58
109,Rosamund,Girardot,rgirardot30@youku.com,372301771044346,americanexpress,£1707.22
110,Ricky,Whitrod,rwhitrod31@myspace.com,5554253143101545,mastercard,£1416.67
111,Saunder,Baldcock,sbaldcock32@theguardian.com,3570933253011163,jcb,£697.23
112,Oswell,Turneux,oturneux33@tamu.edu,201971026469162,diners-club-enroute,£2031.14
113,Witty,Antonchik,wantonchik34@e-recht24.de,30511515163517,diners-club-carte-blanche,£1699.47
114,Eugenius,Felten,efelten35@cbsnews.com,3563925400521754,jcb,£2199.62
115,Ashia,Pymm,apymm36@sakura.ne.jp,4405214523062305,visa-electron,£1435.10
116,Yoko,Rhymer,yrhymer37@odnoklassniki.ru,5337320654821300,mastercard,£330.95
117,Kevon,Pentercost,kpentercost38@mozilla.com,5540435282656655,mastercard,£1407.02
118,Merry,Bidmead,mbidmead39@webnode.com,5427705023926742,diners-club-us-ca,£2417.00
119,Lauretta,Cattrell,lcattrell3a@skyrock.com,6759680175568510491,maestro,£894.97
120,Mariejeanne,Bedell,mbedell3b@msn.com,5048377345187814,mastercard,£1718.70
121,Vivie,Dennett,vdennett3c@ed.gov,560224019417471995,china-unionpay,£1324.13
122,Syman,Faber,sfaber3d@etsy.com,3581441623438915,jcb,£826.40
123,Verine,Draaisma,vdraaisma3e@timesonline.co.uk,6304755607201463,maestro,£2462.62
124,Wilmer,Bortolotti,wbortolotti3f@nsw.gov.au,36383663373650,diners-club-international,£1350.80
125,Marty,Kilbey,mkilbey3g@bloomberg.com,3572209491797444,jcb,£1286.72
126,Katrinka,Durrant,kdurrant3h@army.mil,379576030775953,americanexpress,£128.70
127,Reidar,Plevin,rplevin3i@facebook.com,3570363831000373,jcb,£389.14
128,Randie,Branson,rbranson3j@google.ca,3529342638564767,jcb,£495.54
129,Ephrem,Walrond,ewalrond3k@independent.co.uk,3572833723219032,jcb,£1196.79
130,Daisie,Follet,dfollet3l@slideshare.net,201528967180271,diners-club-enroute,£354.02
131,Margaretta,Biesinger,mbiesinger3m@ow.ly,3549588697349351,jcb,£2355.43
132,Merrili,holmes,mholmes3n@e-recht24.de,50202465431387105,maestro,£37.25
133,Abba,Ricardo,aricardo3o@engadget.com,4905104018022802303,switch,£2320.41
134,Fey,Whyffen,fwhyffen3p@phoca.cz,5048372650582840,mastercard,£602.56
135,Christel,Gillson,cgillson3q@virginia.edu,372301980476602,americanexpress,£133.05
136,Robin,Heffron,rheffron3r@elpais.com,372301995285477,americanexpress,£2127.66
137,Devonne,Southan,dsouthan3s@prnewswire.com,3580501294728414,jcb,£2448.19
138,Rodrick,Fayerman,rfayerman3t@usgs.gov,3567258550513769,jcb,£1300.93
139,Tilda,Littlemore,tlittlemore3u@a8.net,3541828923687994,jcb,£1161.55
140,Bradney,Nansom,bnansom3v@java.com,4508209838352876,visa-electron,£1023.25
141,Luciana,Tregonna,ltregonna3w@bandcamp.com,3588452968480431,jcb,£1871.35
142,Onfre,Coull,ocoull3x@icq.com,3578145635669426,jcb,£1199.79
143,Ash,Gerok,agerok3y@tmall.com,3589770396723364,jcb,£2437.32
144,Elihu,Harteley,eharteley3z@census.gov,3572046713157084,jcb,£639.18
145,Lonee,Manby,lmanby40@biblegateway.com,36973534841537,diners-club-international,£1709.14
146,Diandra,Whiffen,dwhiffen41@webs.com,3583817798727232,jcb,£396.24
147,Jayme,LaBastida,jlabastida42@utexas.edu,5352295073374794,mastercard,£1282.93
148,Elane,Guidoni,eguidoni43@foxnews.com,56022283145864854,china-unionpay,£2010.34
149,Erina,Allaker,eallaker44@kickstarter.com,4911266729480923439,switch,£878.33
150,Ginnie,Dunkerton,gdunkerton45@cisco.com,6391072999580262,instapayment,£21.76
151,Pinchas,Prettjohn,pprettjohn46@tamu.edu,4405745287494317,visa-electron,£709.81
152,Meryl,Tolliday,mtolliday47@tripadvisor.com,560221665078230949,china-unionpay,£1152.68
153,Ruth,Deddum,rdeddum48@gravatar.com,3538865293035920,jcb,£638.74
154,Ibbie,Spraggon,ispraggon49@stumbleupon.com,633110389366007138,switch,£2376.88
155,Wilmette,Graine,wgraine4a@reverbnation.com,4936342587006320026,switch,£2387.68
156,Alwin,Tolliday,atolliday4b@nih.gov,3575831893791282,jcb,£1906.01
157,Alidia,Littrell,alittrell4c@indiegogo.com,5602224660209013,china-unionpay,£1012.25
158,Eleen,Wattins,ewattins4d@bloglines.com,3559670302277347,jcb,£2318.17
159,Leda,Rikel,lrikel4e@chron.com,4017956445084,visa,£979.87
160,Eberhard,Abbati,eabbati4f@un.org,4405080892222683,visa-electron,£1080.90
161,Teodoro,Schulze,tschulze4g@jimdo.com,4041379119696,visa,£573.33
162,Lissie,Rymell,lrymell4h@techcrunch.com,3569972106371989,jcb,£179.14
163,Lyell,Ivie,livie4i@facebook.com,675969487679494093,switch,£365.22
164,Kasey,Ware,kware4j@topsy.com,3533973408358784,jcb,£84.30
165,Eldin,Tremlett,etremlett4k@sphinn.com,63049407410729014,laser,£1949.63
166,Herculie,Terrington,hterrington4l@uiuc.edu,3543865535548584,jcb,£808.15
167,Callida,Kent,ckent4m@bandcamp.com,3559479191682223,jcb,£1252.79
168,Fairfax,Mitchener,fmitchener4n@bandcamp.com,56022319280523531,china-unionpay,£2103.34
169,Axe,Kohn,akohn4o@whitehouse.gov,6304405324017574,maestro,£1037.47
170,Tiffani,Idiens,tidiens4p@nifty.com,3539626249268596,jcb,£168.24
171,Erl,Mussilli,emussilli4q@scribd.com,4936554400456849135,switch,£411.24
172,Karlotta,MacLaughlin,kmaclaughlin4r@nifty.com,4041590877437,visa,£2388.12
173,Riley,Yard,ryard4s@indiegogo.com,3564754652515929,jcb,£2094.53
174,Susanna,Lidstone,slidstone4t@t.co,340349540886785,americanexpress,£363.27
175,Zared,Finlason,zfinlason4u@cdbaby.com,3554526576419947,jcb,£2291.40
176,Doti,Jorissen,djorissen4v@marketwatch.com,3546454633157585,jcb,£1803.50
177,Alano,Gorini,agorini4w@gnu.org,3565355429929408,jcb,£1807.53
178,Domenic,Vasyutichev,dvasyutichev4x@google.com,5569339985010408,mastercard,£957.14
179,Bronnie,Berzins,bberzins4y@cpanel.net,4911492365017978,switch,£2493.34
180,Gayle,Blachford,gblachford4z@geocities.com,3587091481304206,jcb,£1959.28
181,Janot,Hercules,jhercules50@java.com,3570747627195035,jcb,£1720.57
182,Donalt,Borgne,dborgne51@geocities.com,3535476241413368,jcb,£542.33
183,Genovera,O'Neal,goneal52@mapquest.com,5332606771315555,mastercard,£1757.23
184,Larry,Bowles,lbowles53@buzzfeed.com,3580070798935230,jcb,£527.85
185,Algernon,Oldershaw,aoldershaw54@accuweather.com,4905726254068032,switch,£2060.05
186,Hank,Linbohm,hlinbohm55@themeforest.net,3551080111186143,jcb,£1115.99
187,Menard,Glander,mglander56@earthlink.net,6374986963248120,instapayment,£915.12
188,Kayla,Filson,kfilson57@wikimedia.org,67591751442368264,maestro,£1997.95
189,Eda,McHardy,emchardy58@livejournal.com,493639830435898354,switch,£1678.67
190,Lorene,Lisciardelli,llisciardelli59@skype.com,5100134234734387,mastercard,£2094.18
191,Brett,Flavelle,bflavelle5a@canalblog.com,3573680192612323,jcb,£172.33
192,Jimmie,Bish,jbish5b@goodreads.com,3587167417064229,jcb,£402.33
193,Alexei,Lacase,alacase5c@geocities.jp,630447061482661979,maestro,£1363.80
194,Pansie,Matthai,pmatthai5d@abc.net.au,3574867167714965,jcb,£1726.88
195,Beverie,Bartram,bbartram5e@jimdo.com,58939847789724836,maestro,£220.60
196,Gilberto,Josh,gjosh5f@cnbc.com,50208154098969512,maestro,£637.83
197,Diannne,Hallan,dhallan5g@360.cn,3586086086931982,jcb,£682.77
198,Gibby,Patria,gpatria5h@cbslocal.com,3587365451638904,jcb,£191.91
199,Zachariah,Allewell,zallewell5i@cbsnews.com,6709390390158706559,laser,£864.38
200,Jermaine,Blannin,jblannin5j@kickstarter.com,3562524514918724,jcb,£743.29
201,Petronella,Yellowlea,pyellowlea5k@wikimedia.org,5398288982939753,mastercard,£2428.45
202,Edythe,Slessar,eslessar5l@usda.gov,3568516420936406,jcb,£2352.75
203,Kellen,Crass,kcrass5m@smh.com.au,564182799441648898,switch,£1510.29
204,Maggie,Edensor,medensor5n@reddit.com,6304369906686864292,laser,£732.11
205,Blake,Squirrell,bsquirrell5o@ox.ac.uk,30180369450592,diners-club-carte-blanche,£1498.37
206,Christen,Patriskson,cpatriskson5p@weather.com,6767200158188504,solo,£1855.82
207,Benoite,Hearsum,bhearsum5q@51.la,3555232906121894,jcb,£2210.96
208,Allene,Mocker,amocker5r@diigo.com,5610989498445506,bankcard,£102.43
209,Konstanze,Chadburn,kchadburn5s@slashdot.org,56022496131372563,china-unionpay,£498.93
210,Jayme,Vanelli,jvanelli5t@cargocollective.com,675983724899096668,maestro,£43.42
211,Poul,Paschke,ppaschke5u@tamu.edu,5602230027387977658,china-unionpay,£1837.90
212,Kassey,Vial,kvial5v@baidu.com,5108754766605978,mastercard,£2376.32
213,Joly,Mehmet,jmehmet5w@github.io,3540193982632071,jcb,£378.81
214,Nathalia,Gerold,ngerold5x@nbcnews.com,56022335296130772,china-unionpay,£1916.66
215,Marcella,Oxberry,moxberry5y@example.com,201802222209187,diners-club-enroute,£291.59
216,Harmonia,Eckersall,heckersall5z@deviantart.com,5100176351097346,mastercard,£1579.65
217,Lexy,Taysbil,ltaysbil60@linkedin.com,5602239668061323,bankcard,£767.58
218,Elvyn,Dews,edews61@seesaa.net,3571439447526586,jcb,£539.81
219,Maurizio,Ofener,mofener62@ebay.co.uk,6380949747282833,instapayment,£1672.77
220,Sibley,Wreiford,swreiford63@quantcast.com,30532379615558,diners-club-carte-blanche,£868.62
221,Riordan,Wyldbore,rwyldbore64@paypal.com,3556600866701294,jcb,£38.90
222,Theresina,Mcettrick,tmcettrick65@princeton.edu,3541411130643363,jcb,£1237.73
223,Melodie,Gibbe,mgibbe66@census.gov,676177638581095347,maestro,£332.14
224,Terrance,Spellard,tspellard67@ebay.co.uk,3589791528965004,jcb,£2084.45
225,Bren,Thundercliffe,bthundercliffe68@plala.or.jp,5325217478154237,mastercard,£2278.06
226,Cirilo,Boorn,cboorn69@java.com,3557933017856074,jcb,£1326.72
227,Gale,Fewlass,gfewlass6a@jiathis.com,3562026792142936,jcb,£1303.76
228,Niven,Haresign,nharesign6b@google.co.jp,6372068275348724,instapayment,£1786.83
229,Shannon,Hamlyn,shamlyn6c@pinterest.com,5602234427202094,bankcard,£2317.48
230,Lanny,Richter,lrichter6d@cdbaby.com,4405023656215980,visa-electron,£1183.27
231,Jere,Ewbank,jewbank6e@last.fm,560222337893348095,china-unionpay,£2036.37
232,Kelsey,Laughton,klaughton6f@csmonitor.com,4261733394657417,visa,£879.09
233,Cecilio,Lezemere,clezemere6g@goo.ne.jp,30543497643216,diners-club-carte-blanche,£1055.86
234,Patrice,Gutcher,pgutcher6h@google.fr,5007665699287647,mastercard,£1458.96
235,Davide,Boffey,dboffey6i@ow.ly,30371056445710,diners-club-carte-blanche,£1835.90
236,Bellina,Doleman,bdoleman6j@admin.ch,3545728259632083,jcb,£632.87
237,Karolina,Minithorpe,kminithorpe6k@comcast.net,3554062841180395,jcb,£246.28
238,Jobi,Dungey,jdungey6l@dedecms.com,3575977996134316,jcb,£1722.14
239,Erina,Oakwood,eoakwood6m@mac.com,372301899363040,americanexpress,£255.73
240,Eve,Livermore,elivermore6n@wsj.com,3553420541551854,jcb,£20.98
241,Beverley,Wormell,bwormell6o@kickstarter.com,3586539881186681,jcb,£1188.04
242,Charo,Elnaugh,celnaugh6p@cdc.gov,5108757884970976,mastercard,£538.25
243,Waldo,Woller,wwoller6q@merriam-webster.com,5610066571741273,bankcard,£125.01
244,Aurie,Churchward,achurchward6r@google.com.br,3534616691859211,jcb,£882.55
245,Mathilda,Whyffen,mwhyffen6s@nhs.uk,5602230708800520247,china-unionpay,£1505.79
246,Kip,Agate,kagate6t@soundcloud.com,5602224520038180,bankcard,£526.12
247,Hayyim,Greenroyd,hgreenroyd6u@dedecms.com,3536210410686010,jcb,£1191.85
248,Eyde,Lehrer,elehrer6v@gov.uk,30390982022062,diners-club-carte-blanche,£1146.91
249,Bari,Lung,blung6w@typepad.com,3571251452206149,jcb,£2105.99
250,Bret,Barrabeale,bbarrabeale6x@bing.com,201915263102796,diners-club-enroute,£48.14
251,Jewel,Capinetti,jcapinetti6y@blinklist.com,201996013649724,diners-club-enroute,£971.54
252,Hertha,Hargroves,hhargroves6z@cyberchimps.com,6334818202423868,solo,£1078.21
253,Hart,Bourley,hbourley70@so-net.ne.jp,36317309919104,diners-club-international,£856.82
254,Hymie,O'Gorman,hogorman71@wunderground.com,4041598093557,visa,£1543.78
255,Jazmin,Hasslocher,jhasslocher72@imageshack.us,3582078362741379,jcb,£1940.96
256,Valentino,Treppas,vtreppas73@parallels.com,6767682129525503033,solo,£579.36
257,Milly,Parley,mparley74@bravesites.com,3577956278458385,jcb,£878.85
258,Talbert,Tibbits,ttibbits75@liveinternet.ru,6333998933586592110,switch,£2373.70
259,Garv,Whardley,gwhardley76@princeton.edu,3549067002602788,jcb,£837.78
260,Etheline,Geffen,egeffen77@bbc.co.uk,3564867904590811,jcb,£1501.09
261,Shea,Hatherley,shatherley78@skype.com,5641823939989043831,switch,£1467.04
262,Edith,Gottelier,egottelier79@csmonitor.com,670950277892587829,laser,£759.75
263,Gaston,Girdwood,ggirdwood7a@plala.or.jp,3551324698180677,jcb,£2220.01
264,Phaedra,Blackborow,pblackborow7b@seattletimes.com,3563731489439102,jcb,£1239.94
265,Cynthea,McCunn,cmccunn7c@mysql.com,3585300407126672,jcb,£2328.53
266,Brunhilde,Von Welldun,bvonwelldun7d@dion.ne.jp,3585790629618144,jcb,£1041.56
267,Chryste,Ferruzzi,cferruzzi7e@deviantart.com,3586347252659843,jcb,£2004.54
268,Renault,Whitmell,rwhitmell7f@exblog.jp,201585746979001,diners-club-enroute,£102.58
269,Berty,Kenrat,bkenrat7g@alexa.com,5018160025221583974,maestro,£2218.39
270,Papagena,Newlands,pnewlands7h@latimes.com,374288154649197,americanexpress,£461.19
271,Lianna,Quigley,lquigley7i@cnet.com,6383586700205976,instapayment,£1533.98
272,Koressa,Legerwood,klegerwood7j@wp.com,5641828530135977,switch,£1523.55
273,Nanon,Brusle,nbrusle7k@livejournal.com,5002352920721430,mastercard,£846.59
274,Kari,De Meis,kdemeis7l@latimes.com,4903995279087398549,switch,£196.57
275,Alexis,Tompkinson,atompkinson7m@ucsd.edu,5602237624129770,china-unionpay,£1511.73
276,Tyrone,Pariso,tpariso7n@cbslocal.com,4911667600492110304,switch,£2148.50
277,Morissa,Gwatkin,mgwatkin7o@liveinternet.ru,5100139756042416,mastercard,£1260.04
278,Lari,Faherty,lfaherty7p@illinois.edu,3554146860404073,jcb,£2232.92
279,Nelly,McIlhagga,nmcilhagga7q@spiegel.de,3552183932832769,jcb,£1535.99
280,Adams,Copin,acopin7r@odnoklassniki.ru,3561399912410918,jcb,£1071.46
281,Demott,Mcettrick,dmcettrick7s@homestead.com,3574333573446981,jcb,£224.89
282,Mercedes,Geoghegan,mgeoghegan7t@angelfire.com,30246757509917,diners-club-carte-blanche,£538.04
283,Farrel,Ibeson,fibeson7u@wufoo.com,4911646617103150749,switch,£2353.00
284,Cris,Goring,cgoring7v@earthlink.net,3540095099833908,jcb,£1404.15
285,Willabella,Ivannikov,wivannikov7w@sphinn.com,3544005144718059,jcb,£1650.52
286,Sinclair,Petras,spetras7x@artisteer.com,3528469816291664,jcb,£1670.08
287,Aubrette,Tweedy,atweedy7y@t.co,3579832664724185,jcb,£3.21
288,Vitia,Derye-Barrett,vderyebarrett7z@shareasale.com,36049298023461,diners-club-international,£1966.32
289,Madalena,Lacy,mlacy80@msu.edu,5610419656088594838,china-unionpay,£2165.14
290,Wylma,Rapley,wrapley81@ask.com,3581318200925854,jcb,£1054.27
291,Antoni,Moss,amoss82@mozilla.com,3579330482972235,jcb,£1253.42
292,Cletus,Klich,cklich83@hud.gov,3573909960049719,jcb,£857.25
293,Tedda,Bewshire,tbewshire84@hubpages.com,6333603950959607,switch,£15.88
294,Ignacio,Mertgen,imertgen85@last.fm,3578023131261933,jcb,£2437.93
295,Bee,Garland,bgarland86@mysql.com,3570442131778894,jcb,£1512.97
296,Leilah,Bentz,lbentz87@360.cn,670681287140723544,laser,£703.78
297,Hank,Alred,halred88@house.gov,30346559514006,diners-club-carte-blanche,£2232.90
298,Xerxes,Deneve,xdeneve89@tumblr.com,560221326068804264,china-unionpay,£1563.63
299,Alfred,Gleasane,agleasane8a@free.fr,3582943890347397,jcb,£50.64
300,Evanne,Brocking,ebrocking8b@oakley.com,3551614883373685,jcb,£895.64
301,Gena,Gornar,ggornar8c@tinyurl.com,3587856014837645,jcb,£547.95
302,Zachariah,Gianni,zgianni8d@patch.com,3542000517792908,jcb,£2344.01
303,Judye,Fernie,jfernie8e@flickr.com,5467902319362028,diners-club-us-ca,£2011.14
304,Marthena,Dumphrey,mdumphrey8f@mashable.com,3561680522437213,jcb,£2403.56
305,Cass,Guidera,cguidera8g@illinois.edu,3542154141732523,jcb,£1935.20
306,Monique,Ivanchov,mivanchov8h@angelfire.com,3574739149617402,jcb,£1287.32
307,Prisca,Cottey,pcottey8i@apache.org,5459158458549103,mastercard,£2254.85
308,Veda,Jaquet,vjaquet8j@census.gov,6767539336654519,solo,£2350.76
309,Reinhold,Reekie,rreekie8k@edublogs.org,6706298267888599489,laser,£1683.19
310,Erasmus,Vinecombe,evinecombe8l@yahoo.co.jp,675964735114507175,switch,£2035.46
311,Katti,Spillman,kspillman8m@marriott.com,6381678631584132,instapayment,£561.70
312,Alwyn,Revie,arevie8n@cam.ac.uk,5319098331279140,mastercard,£2251.55
313,Marje,Summerton,msummerton8o@godaddy.com,3551135730704179,jcb,£1565.65
314,Alvy,Housam,ahousam8p@shop-pro.jp,201694122591834,diners-club-enroute,£2357.99
315,Dewitt,Kunkler,dkunkler8q@bandcamp.com,5020961278262041,maestro,£430.78
316,Emilee,Pummell,epummell8r@pcworld.com,3563318837867695,jcb,£10.04
317,Alex,Okker,aokker8s@mediafire.com,4905557834790302,switch,£1245.09
318,Talbot,Redfearn,tredfearn8t@behance.net,67627173333779962,maestro,£2351.75
319,Kerr,Rawes,krawes8u@ebay.com,3576371486356648,jcb,£631.47
320,Rosemaria,Creigan,rcreigan8v@dropbox.com,560222700695372417,china-unionpay,£1421.51
321,Caryl,Battram,cbattram8w@cargocollective.com,3582659169677559,jcb,£1371.84
322,Clemmy,Gage,cgage8x@slideshare.net,5244965098063570,mastercard,£2448.91
323,Tadio,Smalecombe,tsmalecombe8y@accuweather.com,30069645451443,diners-club-carte-blanche,£1352.61
324,Avie,Piccop,apiccop8z@cisco.com,5602234188492405,china-unionpay,£696.69
325,Lillis,Tuminini,ltuminini90@unicef.org,3547780062430682,jcb,£2355.46
326,Julie,Kilbane,jkilbane91@tripadvisor.com,3538863475579013,jcb,£2457.33
327,Georgiana,Scartifield,gscartifield92@shinystat.com,6759073405094894,switch,£157.14
328,Teresina,Wigfall,twigfall93@instagram.com,3576874256941838,jcb,£224.94
329,Lucius,Sharrard,lsharrard94@google.co.jp,374283019322619,americanexpress,£92.29
330,Gianni,Filpi,gfilpi95@amazon.com,5330716881243464,mastercard,£343.50
331,Ignace,Hansmann,ihansmann96@mit.edu,3587930908591749,jcb,£2168.57
332,Gratiana,McMennum,gmcmennum97@home.pl,3569629354897343,jcb,£572.74
333,Erl,Dovidian,edovidian98@nih.gov,5134289932177428,mastercard,£2310.58
334,Georgina,De la Barre,gdelabarre99@dailymotion.com,3576388815544587,jcb,£251.78
335,Felicia,Stebbins,fstebbins9a@liveinternet.ru,5038737451961613353,maestro,£2208.33
336,Jefferson,Farfoot,jfarfoot9b@stanford.edu,5048371594208066,mastercard,£272.27
337,Derek,Lopes,dlopes9c@apple.com,3551263132474793,jcb,£1845.11
338,Montgomery,Rikard,mrikard9d@ebay.co.uk,3532457667691672,jcb,£384.86
339,Marlyn,Kellick,mkellick9e@businessinsider.com,3569096120875385,jcb,£872.67
340,Nial,Rigard,nrigard9f@java.com,5108750876546219,mastercard,£99.52
341,Garwin,Niave,gniave9g@cbslocal.com,560224495525314469,china-unionpay,£872.29
342,Adan,Sant,asant9h@ucla.edu,589393779883520229,maestro,£2048.32
343,Evelyn,Braundt,ebraundt9i@barnesandnoble.com,6759827391902679,maestro,£1373.59
344,Ario,Tambling,atambling9j@disqus.com,3575197906848729,jcb,£1810.52
345,Bernie,Prosser,bprosser9k@nymag.com,5108752613679964,mastercard,£875.87
346,Katlin,Banasiak,kbanasiak9l@last.fm,5396093799886193,mastercard,£2405.27
347,Joelly,Broadbere,jbroadbere9m@pcworld.com,4913262803912744,visa-electron,£652.51
348,Ernie,Arnason,earnason9n@usatoday.com,30404987599550,diners-club-carte-blanche,£154.90
349,Wilmar,Lythgoe,wlythgoe9o@flickr.com,201669200981636,diners-club-enroute,£2077.49
350,Winifield,Cufley,wcufley9p@prweb.com,4844818537158898,visa-electron,£504.33
351,Hesther,Womersley,hwomersley9q@ycombinator.com,490320865725221479,switch,£93.37
352,Shell,Terrill,sterrill9r@gmpg.org,3572926789531355,jcb,£1256.52
353,Rosemary,Boone,rboone9s@csmonitor.com,3562103665220436,jcb,£2427.07
354,Lillian,Stode,lstode9t@qq.com,4844184653945943,visa-electron,£1589.19
355,Cliff,MacNess,cmacness9u@statcounter.com,3571672973920704,jcb,£587.04
356,Nolana,Malkie,nmalkie9v@ftc.gov,372301532705722,americanexpress,£2008.06
357,Aylmar,Weine,aweine9w@goo.ne.jp,3555688882374072,jcb,£1281.50
358,Dalia,Sams,dsams9x@flavors.me,6371144404119459,instapayment,£1864.62
359,Francklyn,Lamey,flamey9y@g.co,374622790635741,americanexpress,£1122.46
360,Eileen,Thornton-Dewhirst,ethorntondewhirst9z@earthlink.net,3579764032976611,jcb,£683.53
361,Loraine,Tregust,ltregusta0@cargocollective.com,6763343060973227801,maestro,£56.66
362,Amalee,Houlaghan,ahoulaghana1@mapy.cz,3528717440357628,jcb,£1081.98
363,Pen,Othen,pothena2@myspace.com,3582317270503145,jcb,£677.78
364,Muhammad,Eckels,meckelsa3@narod.ru,30195845304163,diners-club-carte-blanche,£902.98
365,Sherye,Late,slatea4@illinois.edu,5038505648993338,maestro,£1918.32
366,Sibylle,Oloman,solomana5@cbc.ca,201976473270146,diners-club-enroute,£2345.33
367,Trip,Abbys,tabbysa6@plala.or.jp,4508941854785320,visa-electron,£172.81
368,Brittney,Penniell,bpenniella7@tinyurl.com,3556580905466333,jcb,£2056.81
369,Karlyn,Greenacre,kgreenacrea8@de.vu,3567694838595196,jcb,£2265.37
370,Jeanie,Longfield,jlongfielda9@de.vu,3540228467474621,jcb,£924.57
371,Courtnay,Coite,ccoiteaa@cbslocal.com,4508677911912545,visa-electron,£580.34
372,Sibeal,Townshend,stownshendab@php.net,30540400324330,diners-club-carte-blanche,£1849.91
373,Iggy,McFeate,imcfeateac@huffingtonpost.com,0604262216261387058,maestro,£1287.01
374,Guillaume,Hehir,ghehirad@zimbio.com,3561865473079367,jcb,£429.17
375,Jammie,Bernhardi,jbernhardiae@usatoday.com,6767898952638348214,solo,£1037.43
376,Hank,Franzke,hfranzkeaf@indiatimes.com,5368645348086551,mastercard,£1377.34
377,Phylis,Tease,pteaseag@usatoday.com,3564219622135364,jcb,£1899.45
378,Luther,Kingsland,lkingslandah@fema.gov,6333132303156539,switch,£1931.51
379,Sidnee,Theuss,stheussai@twitpic.com,30562584750189,diners-club-carte-blanche,£95.27
380,Dave,Lehrian,dlehrianaj@wordpress.org,3552480273196881,jcb,£2424.67
381,Donna,Biasini,dbiasiniak@paypal.com,5048372327804189,mastercard,£1890.23
382,Modestia,Roft,mroftal@rakuten.co.jp,5166306314871195,mastercard,£1559.28
383,Cullan,Stenhouse,cstenhouseam@digg.com,5038674174100419,maestro,£2479.49
384,Dorthea,Kolin,dkolinan@is.gd,633452225310700202,solo,£556.10
385,Nilson,Kainz,nkainzao@latimes.com,3577334922457783,jcb,£801.17
386,Cullen,Parfitt,cparfittap@tmall.com,201981783663634,diners-club-enroute,£2228.08
387,Cynde,Yepiskopov,cyepiskopovaq@addtoany.com,201571431302204,diners-club-enroute,£833.82
388,Imogen,Venour,ivenourar@cyberchimps.com,5488598987794909,mastercard,£396.41
389,Phaedra,Fripp,pfrippas@ted.com,3532287573460924,jcb,£479.23
390,Shelden,Everitt,severittat@japanpost.jp,3539792442296360,jcb,£839.82
391,Corella,Sabey,csabeyau@e-recht24.de,5179872873970236,mastercard,£988.18
392,Raphaela,Work,rworkav@mapy.cz,3533164015676970,jcb,£1398.46
393,Edgar,Dayer,edayeraw@bluehost.com,36931767004470,diners-club-international,£368.43
394,Klemens,Kenzie,kkenzieax@squarespace.com,3562993439563248,jcb,£499.87
395,Sherline,Siseland,ssiselanday@pcworld.com,3574283930171741,jcb,£1495.98
396,Prentice,Bagger,pbaggeraz@blogger.com,6375655263973658,instapayment,£940.20
397,Jayne,Pinnigar,jpinnigarb0@weebly.com,5048375706271912,mastercard,£1238.48
398,Miof mela,Jonke,mjonkeb1@icio.us,3547792344063652,jcb,£1024.34
399,Agnese,Brownlea,abrownleab2@woothemes.com,3570632667036176,jcb,£626.95
400,Kameko,Ixor,kixorb3@apache.org,201628341485204,diners-club-enroute,£1464.70
401,Haroun,Nozzolinii,hnozzoliniib4@instagram.com,3574264880282332,jcb,£2241.23
402,Giana,Chambers,gchambersb5@nytimes.com,5549551950022359,mastercard,£1205.47
403,Emiline,Rousell,erousellb6@gravatar.com,3571634812536927,jcb,£2192.79
404,Vanda,Stirrip,vstirripb7@tinypic.com,3554676194492279,jcb,£2497.68
405,Bronson,Phaup,bphaupb8@mac.com,3552731485280347,jcb,£638.61
406,Margret,Reef,mreefb9@msn.com,5602225771837667,bankcard,£955.46
407,Laurie,Sneesby,lsneesbyba@mashable.com,3566110472426839,jcb,£890.11
408,Cindelyn,Ubach,cubachbb@fema.gov,201929037781025,diners-club-enroute,£177.42
409,Stephi,Stirton,sstirtonbc@baidu.com,490349198396031895,switch,£1439.14
410,Cullin,Wyss,cwyssbd@taobao.com,3532623024749319,jcb,£87.15
411,Rafaela,Dundon,rdundonbe@csmonitor.com,3538082665890698,jcb,£39.56
412,Ange,Pedican,apedicanbf@vkontakte.ru,3558618495245234,jcb,£1489.66
413,Bronnie,Ojeda,bojedabg@blinklist.com,3540421426751029,jcb,£2123.68
414,Elyse,Siddens,esiddensbh@4shared.com,3541734298330139,jcb,£1946.38
415,Margery,Comino,mcominobi@woothemes.com,67092075667482426,laser,£1043.48
416,Papagena,Hurdle,phurdlebj@bloomberg.com,30572269088102,diners-club-carte-blanche,£907.78
417,Major,Mc Caghan,mmccaghanbk@slate.com,6331106787022904674,switch,£392.49
418,Cahra,Laste,clastebl@slate.com,5100173152711068,mastercard,£985.91
419,Geoff,Rimes,grimesbm@weibo.com,3545820239840314,jcb,£1229.11
420,Kristoffer,Daltry,kdaltrybn@chicagotribune.com,6387245164471881,instapayment,£2133.29
421,Anastasie,Luchelli,aluchellibo@youku.com,6767036642800654,solo,£2255.22
422,Parker,Vassie,pvassiebp@patch.com,3572265427470472,jcb,£222.27
423,Heddi,Perham,hperhambq@wikia.com,3530569357758215,jcb,£648.95
424,Vernen,Leathley,vleathleybr@skyrock.com,630437163840175494,laser,£2454.77
425,Laurene,Sprules,lsprulesbs@slate.com,3552825696278288,jcb,£1694.63
426,Giselle,Bowes,gbowesbt@example.com,3560829332870755,jcb,£1958.20
427,Sander,Chamberlen,schamberlenbu@multiply.com,3555537233601123,jcb,£1388.53
428,Larisa,Songhurst,lsonghurstbv@ed.gov,4041597072784,visa,£539.83
429,Editha,Chaundy,echaundybw@amazon.co.uk,3540044519170194,jcb,£962.91
430,Gabriellia,Eddleston,geddlestonbx@lycos.com,3577330249217298,jcb,£2273.62
431,Charlotte,Bansal,cbansalby@uol.com.br,3552981566646292,jcb,£956.91
432,Cherice,Dellenbrook,cdellenbrookbz@nba.com,5195464254800792,mastercard,£35.64
433,Waring,Broad,wbroadc0@hostgator.com,3547559707283023,jcb,£791.34
434,Kalina,Albert,kalbertc1@wix.com,5581962827592624,mastercard,£2301.49
435,Hinda,Reiach,hreiachc2@xrea.com,3554099626520734,jcb,£1479.19
436,Elspeth,Lates,elatesc3@t.co,3550111721117342,jcb,£107.40
437,Gris,Holtom,gholtomc4@buzzfeed.com,675929191367369471,switch,£391.41
438,Lazarus,Sherrin,lsherrinc5@blog.com,6381966684033952,instapayment,£1924.23
439,Francois,Cundy,fcundyc6@ca.gov,5010124205519403,mastercard,£183.40
440,Jule,Caizley,jcaizleyc7@goo.ne.jp,6767930973558982,solo,£792.67
441,Ellsworth,Vanetti,evanettic8@cam.ac.uk,3571383228537059,jcb,£68.36
442,Ferdie,Darke,fdarkec9@etsy.com,67599314987494649,maestro,£1715.06
443,Catlaina,McClymond,cmcclymondca@marketwatch.com,3584045997398758,jcb,£1810.72
444,Bianka,Lohering,bloheringcb@mail.ru,5048372732452160,mastercard,£2016.23
445,Roderic,Tidd,rtiddcc@liveinternet.ru,3552376911168870,jcb,£2370.26
446,Nollie,Dipple,ndipplecd@theatlantic.com,201757026177784,diners-club-enroute,£1616.38
447,Alli,Narracott,anarracottce@howstuffworks.com,3565522201887530,jcb,£1826.40
448,Nevsa,Martineau,nmartineaucf@rambler.ru,3574091752364629,jcb,£1016.14
449,Trevor,Brasier,tbrasiercg@wix.com,3576706199817925,jcb,£1859.91
450,Beatrice,Rentilll,brentilllch@edublogs.org,56022105826858691,china-unionpay,£1989.76
451,Paige,Harrad,pharradci@weather.com,3547802676580296,jcb,£1748.17
452,Madalena,Thackray,mthackraycj@dropbox.com,3534546825535074,jcb,£1165.97
453,Gradeigh,Brockton,gbrocktonck@yandex.ru,6759404145679779,maestro,£1049.32
454,Nettie,Bossel,nbosselcl@g.co,3571543805946607,jcb,£2222.23
455,Rennie,Sempill,rsempillcm@geocities.jp,5519919272234885,mastercard,£2291.11
456,Haily,Umpleby,humplebycn@howstuffworks.com,3552536820115847,jcb,£353.92
457,Dorian,Yeowell,dyeowellco@rediff.com,5048372486699917,mastercard,£2368.18
458,Viki,Lasham,vlashamcp@ycombinator.com,5379709665185441,mastercard,£1722.79
459,Beverie,Dundredge,bdundredgecq@europa.eu,3564305505812847,jcb,£115.05
460,Kendre,Meeland,kmeelandcr@amazon.co.jp,5100172885104849,mastercard,£1732.27
461,Michel,Howgego,mhowgegocs@github.io,3555213701609978,jcb,£127.84
462,Shandee,Elies,seliesct@rambler.ru,5449783216698877,diners-club-us-ca,£227.39
463,Reba,Sullivan,rsullivancu@dion.ne.jp,4026540404968312,visa-electron,£67.19
464,Dani,Paffley,dpaffleycv@last.fm,58939920467750777,maestro,£347.70
465,Arlie,Bellhanger,abellhangercw@wired.com,3583750790898786,jcb,£1996.10
466,Corliss,Fleischmann,cfleischmanncx@accuweather.com,3589153779460211,jcb,£2302.82
467,Moise,Castaignet,mcastaignetcy@ehow.com,5048373578676326,mastercard,£514.44
468,Gwenni,Baitey,gbaiteycz@sourceforge.net,5100139918573944,mastercard,£1843.40
469,Robin,O'Hanlon,rohanlond0@springer.com,3529519872209106,jcb,£1363.18
470,Bambie,McKenna,bmckennad1@goodreads.com,3559592483547936,jcb,£1798.80
471,Ekaterina,Germann,egermannd2@over-blog.com,6385981141810559,instapayment,£1649.93
472,Gwenore,Oldacre,goldacred3@cloudflare.com,4026314299258662,visa-electron,£714.83
473,Mathian,Grunder,mgrunderd4@cafepress.com,3560163575147949,jcb,£1332.52
474,Bealle,Flicker,bflickerd5@slideshare.net,3559746195907768,jcb,£1076.81
475,Annadiane,Corderoy,acorderoyd6@sogou.com,4905735538781850992,switch,£2288.01
476,Margette,Patient,mpatientd7@privacy.gov.au,3556838163918027,jcb,£2110.63
477,Clementina,Stembridge,cstembridged8@blinklist.com,3572067866203293,jcb,£152.36
478,Maudie,Kiezler,mkiezlerd9@bravesites.com,5602221066883147193,china-unionpay,£619.58
479,Melony,Michieli,mmichielida@go.com,3539548934600364,jcb,£1924.07
480,Henryetta,Flanigan,hflanigandb@blogger.com,4041599986118457,visa,£1054.78
481,Elias,Boick,eboickdc@gmpg.org,3540642642942791,jcb,£64.89
482,Karol,Derges,kdergesdd@jugem.jp,3588066637713053,jcb,£1871.67
483,Bran,Crampin,bcrampinde@omniture.com,490327697053075885,switch,£2046.88
484,Bella,Revie,breviedf@naver.com,3575792860471938,jcb,£1641.76
485,Stormy,Teall,stealldg@google.ca,3544584411269673,jcb,£723.55
486,Jolynn,Bredgeland,jbredgelanddh@printfriendly.com,5602210311837849,bankcard,£1006.38
487,Millard,Iacovelli,miacovellidi@paypal.com,6379244784803292,instapayment,£1455.19
488,Basilio,Float,bfloatdj@europa.eu,6384793154441995,instapayment,£1196.03
489,Arty,Goodyer,agoodyerdk@uol.com.br,6709601231378020311,laser,£287.13
490,Chane,Cottrell,ccottrelldl@odnoklassniki.ru,3589613579995484,jcb,£863.66
491,Zandra,Gawkroge,zgawkrogedm@tuttocitta.it,5100130767976445,mastercard,£2299.64
492,Merrilee,Yakunikov,myakunikovdn@twitter.com,633110486167485560,switch,£1032.82
493,Montgomery,McBeth,mmcbethdo@dell.com,676301258567691099,maestro,£1968.69
494,Itch,McGirl,imcgirldp@mediafire.com,4175001829239796,visa-electron,£2076.35
495,Holmes,Boyett,hboyettdq@sbwire.com,4175003039202267,visa-electron,£17.50
496,Ulric,Bernardy,ubernardydr@people.com.cn,589307085425224451,maestro,£1675.45
497,Cloris,Fredson,cfredsonds@sina.com.cn,374622372796762,americanexpress,£1139.97
498,Aloisia,Chellingworth,achellingworthdt@loc.gov,6384917898173958,instapayment,£1019.27
499,Guglielmo,Coverdill,gcoverdilldu@home.pl,4844207553193130,visa-electron,£1203.47
500,Barth,Dutchburn,bdutchburndv@icio.us,5489137713676632,diners-club-us-ca,£1501.95
501,Gaspar,Jowling,gjowlingdw@eepurl.com,3553216694540789,jcb,£1578.73
502,Alyda,Jeandeau,ajeandeaudx@ca.gov,58938695545456297,maestro,£2453.76
503,Cameron,Tizzard,ctizzarddy@meetup.com,4026238794783421,visa-electron,£2066.37
504,Jobye,Hazart,jhazartdz@bloglines.com,5002359192605365,mastercard,£1270.06
505,Lew,Chatel,lchatele0@pagesperso-orange.fr,3566044171220757,jcb,£220.37
506,Aurelie,Bradmore,abradmoree1@statcounter.com,56101469409518948,china-unionpay,£1218.67
507,Benny,Bloomer,bbloomere2@nasa.gov,63042996031454991,maestro,£1390.64
508,Alisun,Hainey,ahaineye3@wikia.com,348529001762870,americanexpress,£471.59
509,Remus,Girdlestone,rgirdlestonee4@mediafire.com,3535334051654268,jcb,£1418.85
510,Tanitansy,Attaway,tattawaye5@un.org,6709747500811701546,laser,£1557.35
511,Bertina,Lyster,blystere6@a8.net,201911031458214,diners-club-enroute,£1998.13
512,Urbano,Marusik,umarusike7@msu.edu,3533436960227961,jcb,£96.21
513,Carola,Gulland,cgullande8@psu.edu,3551906366301682,jcb,£1860.59
514,Heddie,Lenthall,hlenthalle9@cnn.com,3567055496503627,jcb,£43.00
515,Kara,Shalcros,kshalcrosea@umich.edu,3567415210160247,jcb,£333.72
516,Eada,Sumpner,esumpnereb@fotki.com,6396740045268851,instapayment,£548.47
517,Olag,Eddington,oeddingtonec@mapquest.com,3574283040994560,jcb,£1657.44
518,Karena,Lalevee,klaleveeed@tuttocitta.it,6763565108450438382,maestro,£1786.97
519,Kerry,Juliff,kjuliffee@xrea.com,633318114722107418,switch,£668.87
520,Lindsey,Logue,llogueef@yelp.com,5610001630123171,bankcard,£514.10
521,Karin,Springle,kspringleeg@addtoany.com,5007661280881419,mastercard,£474.57
522,Wye,Furze,wfurzeeh@go.com,6763073289437841,maestro,£1495.19
523,Alanah,Shawell,ashawellei@mashable.com,4405033473826174,visa-electron,£569.91
524,Anderson,Wyatt,awyattej@pagesperso-orange.fr,337941073841701,americanexpress,£488.54
525,Chiquia,Delves,cdelvesek@gravatar.com,3588474114166516,jcb,£2199.42
526,Whitby,Godball,wgodballel@parallels.com,3530170296680071,jcb,£2418.34
527,Jo-anne,Pechacek,jpechacekem@ocn.ne.jp,3530391815843442,jcb,£1060.22
528,Celina,Wisker,cwiskeren@sohu.com,3533090770870179,jcb,£1344.68
529,Ron,Espin,respineo@usnews.com,6761479150866188515,maestro,£1999.68
530,Rozina,Satchel,rsatchelep@seattletimes.com,67093397004581424,laser,£698.02
531,Freeman,Gobbett,fgobbetteq@pcworld.com,3586214510974507,jcb,£1415.56
532,Adolphe,Hegges,aheggeser@salon.com,3570090704672091,jcb,£742.68
533,Cristian,Vertigan,cvertiganes@amazon.de,3549263321909380,jcb,£752.07
534,Bili,Rouby,broubyet@istockphoto.com,4405729857391012,visa-electron,£872.39
535,Morgana,Peiser,mpeisereu@blogtalkradio.com,5100177730897844,mastercard,£1869.42
536,Gusty,Beneteau,gbeneteauev@instagram.com,3529280562598924,jcb,£1018.65
537,Evelyn,Willavoys,ewillavoysew@cornell.edu,3559669561410680,jcb,£1144.65
538,Brennen,Tyers,btyersex@wiley.com,3529978181094569,jcb,£732.39
539,Angil,Goggan,agogganey@etsy.com,3559360244378235,jcb,£82.35
540,Wilden,Riddiford,wriddifordez@dailymail.co.uk,374283990914731,americanexpress,£583.36
541,Allie,Vellender,avellenderf0@flavors.me,3528290849638469,jcb,£1501.09
542,Delmer,Osmant,dosmantf1@engadget.com,3585672637056808,jcb,£157.61
543,Geoffrey,Warne,gwarnef2@ocn.ne.jp,5602229057097293,bankcard,£1923.37
544,Elvin,Maudsley,emaudsleyf3@tamu.edu,3540159232738463,jcb,£1952.72
545,Hunter,Probart,hprobartf4@boston.com,5602216255692868,bankcard,£1257.09
546,Orsola,Opdenorth,oopdenorthf5@newsvine.com,3563303881893805,jcb,£706.14
547,Edmund,Bartoletti,ebartolettif6@cloudflare.com,30538105304359,diners-club-carte-blanche,£1808.39
548,Odell,Case,ocasef7@blogger.com,3557145383328055,jcb,£1702.67
549,Robbert,Florio,rfloriof8@youtu.be,4508244241645426,visa-electron,£2192.86
550,Langsdon,Este,lestef9@slashdot.org,3546528765045765,jcb,£2146.46
551,Verene,Stearnes,vstearnesfa@barnesandnoble.com,30585860357783,diners-club-carte-blanche,£1969.67
552,Andeee,Moncur,amoncurfb@typepad.com,5038111165552977,maestro,£1823.29
553,Viola,Sibary,vsibaryfc@utexas.edu,67596538739007365,maestro,£309.92
554,Arvin,Pickrell,apickrellfd@oaic.gov.au,5010123784658228,mastercard,£932.84
555,Magnum,Straffon,mstraffonfe@cornell.edu,6709727989944805841,laser,£2262.57
556,Gilda,Peealess,gpeealessff@epa.gov,50382742546446451,maestro,£75.22
557,Mattie,Kirman,mkirmanfg@reddit.com,5018089449635670086,maestro,£1149.19
558,Rhianon,Chatwin,rchatwinfh@woothemes.com,5543202508238123,diners-club-us-ca,£978.54
559,Nataline,Padly,npadlyfi@ocn.ne.jp,201703517038119,diners-club-enroute,£1266.37
560,Gay,Perrett,gperrettfj@wikimedia.org,5602222565578615,bankcard,£1131.97
561,Janetta,Mc Meekin,jmcmeekinfk@360.cn,5100136850123670,mastercard,£1808.55
562,Jaime,Rushmare,jrushmarefl@ted.com,3586416957744075,jcb,£2045.16
563,Sergei,Louth,slouthfm@twitpic.com,5100148496273009,mastercard,£544.68
564,Filippa,Caesmans,fcaesmansfn@discovery.com,3573451069144919,jcb,£1544.78
565,Lionello,O'Brogan,lobroganfo@utexas.edu,5526541439661932,mastercard,£1821.30
566,Vally,Crimin,vcriminfp@economist.com,3534153149521458,jcb,£315.26
567,Arabel,Espinha,aespinhafq@pen.io,3562242477509881,jcb,£150.82
568,Calv,Bruniges,cbrunigesfr@shutterfly.com,060486479240364516,maestro,£1214.47
569,Janaye,Janiszewski,jjaniszewskifs@livejournal.com,67595161316967298,maestro,£1287.78
570,Alwin,Dulton,adultonft@furl.net,4913950850310172,visa-electron,£1774.49
571,Deanna,Leather,dleatherfu@themeforest.net,374288942251041,americanexpress,£818.16
572,Byrom,Sessions,bsessionsfv@yale.edu,670939063634940302,laser,£2442.44
573,Stacia,Atmore,satmorefw@51.la,3549573060688551,jcb,£775.47
574,Gamaliel,Elgood,gelgoodfx@hostgator.com,3528582979667304,jcb,£2254.03
575,Reider,Piccop,rpiccopfy@abc.net.au,30378971284983,diners-club-carte-blanche,£1918.77
576,Charin,Cinnamond,ccinnamondfz@newyorker.com,201639754567917,diners-club-enroute,£2417.20
577,Muire,Crollman,mcrollmang0@forbes.com,372301357516634,americanexpress,£37.41
578,Lurline,Greaterex,lgreaterexg1@slideshare.net,6331103496915940398,switch,£1694.92
579,Kristofor,Zecchinii,kzecchiniig2@buzzfeed.com,3534993623083297,jcb,£443.34
580,Jessey,Neely,jneelyg3@craigslist.org,3548578822509459,jcb,£2495.56
581,Ricardo,Cardoso,rcardosog4@un.org,3534006535844472,jcb,£131.14
582,Kerwin,Assad,kassadg5@bandcamp.com,3551981485125148,jcb,£662.00
583,Kathryne,Schwartz,kschwartzg6@nbcnews.com,3557401778482324,jcb,£776.05
584,Melisenda,Yanshinov,myanshinovg7@soup.io,4936213002421184326,switch,£247.28
585,Hulda,Mulroy,hmulroyg8@weather.com,337941333746567,americanexpress,£1610.92
586,Gage,Millhill,gmillhillg9@cdbaby.com,6304893065004756014,maestro,£2045.47
587,Allison,Tringham,atringhamga@slideshare.net,3543594841453343,jcb,£2324.40
588,Sophia,Klink,sklinkgb@home.pl,3570431232227133,jcb,£147.10
589,Uriah,Robens,urobensgc@marriott.com,374622818534819,americanexpress,£1728.55
590,Aili,Wabersinke,awabersinkegd@printfriendly.com,30596621066852,diners-club-carte-blanche,£1986.38
591,Keane,Thiese,kthiesege@t-online.de,3561212367923741,jcb,£1610.53
592,Caresa,Ciobutaru,cciobutarugf@umich.edu,3555688627075927,jcb,£757.10
593,Luelle,Venditto,lvendittogg@pinterest.com,3546185717670651,jcb,£2480.50
594,Betsy,Mather,bmathergh@nsw.gov.au,3546651437041614,jcb,£552.91
595,Reilly,Estcot,restcotgi@columbia.edu,3549380795388535,jcb,£2446.30
596,Hollie,Giraudy,hgiraudygj@hao123.com,5602229962335770,china-unionpay,£1151.37
597,Vonny,Hazlewood,vhazlewoodgk@uiuc.edu,6763492139519552960,maestro,£2302.23
598,Katina,Jimenez,kjimenezgl@phoca.cz,6709224154372111,laser,£1482.45
599,Karlis,Rumgay,krumgaygm@dion.ne.jp,6380969821519413,instapayment,£2107.54
600,Adeline,Woodburn,awoodburngn@acquirethisname.com,3546526045496261,jcb,£52.71
601,Carie,Stanners,cstannersgo@samsung.com,3577770710879060,jcb,£406.05
602,Atlante,Tiddeman,atiddemangp@yale.edu,4405282753940508,visa-electron,£1846.68
603,Chance,Mewhirter,cmewhirtergq@ft.com,30539267656628,diners-club-carte-blanche,£1147.07
604,Ennis,Crichton,ecrichtongr@accuweather.com,676170346220509424,maestro,£927.74
605,Nikola,Vidler,nvidlergs@vinaora.com,4041379259567,visa,£2136.31
606,Herve,Zamorrano,hzamorranogt@storify.com,374288542874655,americanexpress,£108.83
607,Philippe,Chable,pchablegu@ask.com,67713049247296613,laser,£1749.56
608,Boigie,Hefforde,bheffordegv@nba.com,30457438560860,diners-club-carte-blanche,£1865.57
609,Carree,Gentsch,cgentschgw@squidoo.com,4905700890063061,switch,£655.49
610,Sholom,Gotmann,sgotmanngx@sina.com.cn,5610708683439490,china-unionpay,£310.92
611,Lockwood,Khristyukhin,lkhristyukhingy@irs.gov,3551755473561096,jcb,£65.01
612,Ashlie,Crevy,acrevygz@joomla.org,3588371850375261,jcb,£827.30
613,Hedy,Crow,hcrowh0@phpbb.com,490300660980593736,switch,£988.23
614,Chane,Heaviside,cheavisideh1@google.cn,5403311894839573,mastercard,£1319.91
615,Tedie,Trevear,ttrevearh2@webmd.com,349406798812011,americanexpress,£149.15
616,Leicester,Woffenden,lwoffendenh3@nsw.gov.au,6331101090394484820,switch,£2156.14
617,Janel,Wellstead,jwellsteadh4@epa.gov,5100179410649842,mastercard,£985.71
618,Avram,Balmadier,abalmadierh5@apple.com,201942565197324,diners-club-enroute,£288.77
619,Devy,Catley,dcatleyh6@geocities.jp,6389410843066829,instapayment,£664.04
620,Danita,MacAnelley,dmacanelleyh7@comcast.net,36607251286076,diners-club-international,£238.31
621,Robinette,Heskins,rheskinsh8@dell.com,5100132610735879,mastercard,£2345.59
622,Jerrie,Edgecumbe,jedgecumbeh9@ted.com,340123187702773,americanexpress,£305.15
623,Malory,Scohier,mscohierha@ezinearticles.com,67625229069566569,maestro,£149.38
624,Merline,Extance,mextancehb@t.co,3566293740470175,jcb,£1909.04
625,Gwendolin,Ragot,gragothc@baidu.com,3583835856788417,jcb,£669.40
626,Linnie,Cammocke,lcammockehd@economist.com,3559603737823658,jcb,£1027.17
627,Emilie,Syder,esyderhe@ox.ac.uk,6333025864382520,switch,£2284.95
628,Cesare,Shorton,cshortonhf@ucsd.edu,6706305072691899,laser,£1184.00
629,Ki,Whitington,kwhitingtonhg@ustream.tv,3582753805031519,jcb,£83.76
630,Nicky,Pether,npetherhh@usa.gov,3558291611598900,jcb,£883.79
631,Arman,Agget,aaggethi@smh.com.au,3529528263647238,jcb,£2359.09
632,Man,Blankau,mblankauhj@youtu.be,3561817480559568,jcb,£396.91
633,Herculie,Cicculini,hcicculinihk@whitehouse.gov,3583707086324125,jcb,£2312.20
634,Colver,Knutsen,cknutsenhl@4shared.com,6759162770299085412,switch,£2490.71
635,Delila,Janca,djancahm@dropbox.com,3536372933881096,jcb,£2424.43
636,Joseito,Kelling,jkellinghn@foxnews.com,201606101633742,diners-club-enroute,£1813.20
637,Allix,Pessel,apesselho@illinois.edu,3553733598184399,jcb,£2269.19
638,Salvador,McTurk,smcturkhp@networksolutions.com,3568731706354683,jcb,£2389.00
639,Bili,Cadle,bcadlehq@infoseek.co.jp,3586791169763877,jcb,£879.54
640,Tymothy,Lambrook,tlambrookhr@bluehost.com,3540574826949708,jcb,£676.40
641,Elke,Majury,emajuryhs@noaa.gov,3558189116144693,jcb,£623.97
642,Jacquelin,Knoton,jknotonht@typepad.com,3563929633486579,jcb,£989.12
643,Claudio,Iskowitz,ciskowitzhu@sakura.ne.jp,3549564932813030,jcb,£2007.82
644,Minta,Druhan,mdruhanhv@mozilla.org,4041596485177,visa,£313.75
645,Robinson,Pollack,rpollackhw@npr.org,3532383147681218,jcb,£669.20
646,Andy,Dresse,adressehx@techcrunch.com,5437910517127330,diners-club-us-ca,£451.17
647,Koressa,Saipy,ksaipyhy@pen.io,341550199179336,americanexpress,£1999.87
648,Gerianna,Larkkem,glarkkemhz@dedecms.com,3559887595224725,jcb,£2258.02
649,Beverlie,Worton,bwortoni0@friendfeed.com,337941648840774,americanexpress,£2362.22
650,Boot,Ryburn,bryburni1@xing.com,3574300154624344,jcb,£1371.50
651,Wilie,Alcorn,walcorni2@lycos.com,3578267574867744,jcb,£1017.45
652,Virge,Riccardi,vriccardii3@list-manage.com,5010128917804656,mastercard,£193.49
653,Marlane,Albarez,malbarezi4@weather.com,30225045507669,diners-club-carte-blanche,£879.09
654,Dori,Stratford,dstratfordi5@wikipedia.org,6759028765269626272,switch,£2121.10
655,Jacqui,Bedminster,jbedminsteri6@barnesandnoble.com,4041379040508831,visa,£166.62
656,Micah,Hawkins,mhawkinsi7@soundcloud.com,372301707891547,americanexpress,£839.29
657,Nancie,Soggee,nsoggeei8@exblog.jp,349766762144968,americanexpress,£682.15
658,Agnola,Cheel,acheeli9@domainmarket.com,3583893512902872,jcb,£2213.33
659,Park,Letty,plettyia@cpanel.net,6377983311437718,instapayment,£1091.97
660,Persis,Stirgess,pstirgessib@rakuten.co.jp,3576853384993358,jcb,£1567.68
661,Worthington,Fairman,wfairmanic@microsoft.com,3555158540345310,jcb,£1876.34
662,Menard,Longworth,mlongworthid@rediff.com,36497776004265,diners-club-international,£1904.69
663,Harriot,Brewer,hbrewerie@rediff.com,5010125046336832,mastercard,£1617.93
664,Anthony,Mill,amillif@qq.com,3532622679220824,jcb,£1791.33
665,Frasier,Hullett,fhullettig@privacy.gov.au,3552282743739948,jcb,£2443.55
666,Helen,Bateson,hbatesonih@hc360.com,4026460514759073,visa-electron,£1439.08
667,Bevvy,Randall,brandallii@independent.co.uk,3572694346986674,jcb,£163.96
668,Alessandra,Kift,akiftij@earthlink.net,6334301744405527181,solo,£1062.11
669,Onfre,de Verson,odeversonik@globo.com,3552268544215956,jcb,£2124.66
670,Adrian,Heeney,aheeneyil@gmpg.org,3569123759695262,jcb,£575.25
671,Nicol,Gibbard,ngibbardim@plala.or.jp,6706371906171697761,laser,£2060.21
672,Fair,Wimes,fwimesin@unicef.org,5602248464559216,china-unionpay,£1447.40
673,Hyman,Dreigher,hdreigherio@soundcloud.com,3566443920289032,jcb,£1251.39
674,Jourdain,Chidlow,jchidlowip@forbes.com,63043650600071251,laser,£1398.51
675,Bessy,Yeardley,byeardleyiq@stumbleupon.com,560221725657568117,china-unionpay,£1074.12
676,Elisa,Billson,ebillsonir@businesswire.com,5007667782937567,mastercard,£2471.38
677,Tamarah,Orriss,torrissis@who.int,5432551570622315,diners-club-us-ca,£1947.20
678,Darlene,Davidovicz,ddavidoviczit@google.com,3542559882517828,jcb,£1291.16
679,Joete,Forsard,jforsardiu@examiner.com,349742260699969,americanexpress,£961.10
680,Fernande,Occleshaw,foccleshawiv@altervista.org,3551727590971631,jcb,£931.33
681,Norri,Loverock,nloverockiw@paypal.com,5602257617368193,bankcard,£120.23
682,Augustin,McIlvaney,amcilvaneyix@microsoft.com,3586188902663722,jcb,£1521.51
683,Mayor,Lyptrade,mlyptradeiy@ifeng.com,5010124608106089,mastercard,£1400.48
684,Clarissa,Janse,cjanseiz@w3.org,4917700493531908,visa-electron,£435.42
685,Christy,Sackur,csackurj0@amazon.de,6333859519946176807,switch,£1075.78
686,Genia,Dumelow,gdumelowj1@oracle.com,372450978494299,americanexpress,£1870.87
687,Charo,Sproat,csproatj2@merriam-webster.com,3561257179316824,jcb,£58.19
688,Sarine,Belham,sbelhamj3@shop-pro.jp,3539604336017986,jcb,£1519.47
689,Penni,Wilshire,pwilshirej4@people.com.cn,3530364546629596,jcb,£1972.74
690,Reyna,Happer,rhapperj5@addthis.com,3578381394552335,jcb,£2087.51
691,Darrelle,Schruur,dschruurj6@walmart.com,5540523431855169,mastercard,£1210.69
692,Whitby,Keyser,wkeyserj7@usa.gov,3582910664385689,jcb,£2375.56
693,Tibold,Varker,tvarkerj8@cnbc.com,3572259393489210,jcb,£2499.10
694,Edsel,Franzini,efranzinij9@about.me,5610347464474424,bankcard,£2393.85
695,Eddie,Oldroyd,eoldroydja@irs.gov,6392183997403990,instapayment,£830.78
696,Grantham,Besnard,gbesnardjb@cbsnews.com,3540954047632863,jcb,£2216.01
697,Luther,Behnecken,lbehneckenjc@typepad.com,4936833048423160517,switch,£181.03
698,Indira,Batch,ibatchjd@opensource.org,5610064317267778,bankcard,£88.46
699,Gabriela,Barham,gbarhamje@youtu.be,5602211501306827,bankcard,£427.23
700,Hally,Rubinowitch,hrubinowitchjf@un.org,373428040585475,americanexpress,£2.34
701,Sosanna,Feehery,sfeeheryjg@bbc.co.uk,3558888900471689,jcb,£2138.57
702,Lynda,Diglin,ldiglinjh@tripadvisor.com,5010120732214567,mastercard,£1995.93
703,Tuck,Siegertsz,tsiegertszji@jugem.jp,201714908933875,diners-club-enroute,£672.10
704,Stacee,Phifer,sphiferjj@cisco.com,3553035529304082,jcb,£231.62
705,Rosa,Bromont,rbromontjk@virginia.edu,5610202916023392198,china-unionpay,£1378.42
706,Maxy,Halliberton,mhallibertonjl@merriam-webster.com,374283589728328,americanexpress,£214.81
707,Retha,Warhurst,rwarhurstjm@amazon.co.jp,3584420864122773,jcb,£780.88
708,Amandi,Geelan,ageelanjn@columbia.edu,6709039322452866968,laser,£2357.27
709,Marven,Atter,matterjo@infoseek.co.jp,3580501419802417,jcb,£2137.29
710,Clemmie,Isles,cislesjp@imgur.com,3556493624488614,jcb,£616.08
711,Zabrina,Minker,zminkerjq@wordpress.com,3580235247422672,jcb,£112.13
712,Sharia,Bonifas,sbonifasjr@dot.gov,3580687622608731,jcb,£1153.10
713,Zechariah,Billson,zbillsonjs@adobe.com,30588198572503,diners-club-carte-blanche,£2067.01
714,Lory,Pedroni,lpedronijt@fc2.com,3581243615756837,jcb,£1097.12
715,Laraine,Lorie,llorieju@bbb.org,3561698427463548,jcb,£1658.02
716,Cristen,Hindmoor,chindmoorjv@nydailynews.com,3569242581152332,jcb,£634.82
717,Tessy,Endicott,tendicottjw@independent.co.uk,3577879969750961,jcb,£2109.61
718,Joy,Fareweather,jfareweatherjx@imageshack.us,3528824842216889,jcb,£54.59
719,Hannie,Inchbald,hinchbaldjy@paypal.com,3560537436077538,jcb,£369.12
720,Zabrina,Baddeley,zbaddeleyjz@msn.com,3555719329924979,jcb,£502.70
721,Adel,Crathorne,acrathornek0@statcounter.com,3583763585335047,jcb,£1840.92
722,Boycey,Annell,bannellk1@ustream.tv,493649907865678239,switch,£2200.61
723,Myles,Troake,mtroakek2@buzzfeed.com,6767219422356694365,solo,£1159.75
724,Aksel,Gowdridge,agowdridgek3@altervista.org,3540135137148495,jcb,£127.85
725,Emily,Slyman,eslymank4@bloglines.com,3544689579063089,jcb,£2247.92
726,Trumann,Jost,tjostk5@smh.com.au,560224332876481698,china-unionpay,£1682.25
727,Rozelle,Whittlesey,rwhittleseyk6@miitbeian.gov.cn,5610833878905806,bankcard,£465.94
728,Margarita,Dufall,mdufallk7@npr.org,3566551976830283,jcb,£967.75
729,Jeane,Bruckmann,jbruckmannk8@infoseek.co.jp,3551734125125121,jcb,£1972.52
730,Daryl,Piggin,dpiggink9@time.com,5893857151245596802,maestro,£1715.59
731,See,Seven,ssevenka@examiner.com,5641820059183165,switch,£1167.94
732,Daisi,Wims,dwimskb@tripod.com,4041593937717,visa,£70.13
733,Thaddeus,Haselden,thaseldenkc@time.com,5602219488046225,bankcard,£1043.61
734,Germain,Hullin,ghullinkd@ehow.com,56107539668668420,china-unionpay,£999.63
735,Maxie,Tigner,mtignerke@google.it,3568355695686549,jcb,£868.72
736,Bette-ann,Yukhin,byukhinkf@usda.gov,201670739019807,diners-club-enroute,£538.93
737,Richard,Maldin,rmaldinkg@umich.edu,491183071487994197,switch,£2027.84
738,Penny,Athowe,pathowekh@bandcamp.com,5589496036410858,mastercard,£11.46
739,Angus,Woodfin,awoodfinki@cocolog-nifty.com,346976160762674,americanexpress,£1931.75
740,Adamo,Sanham,asanhamkj@yelp.com,3585684597374964,jcb,£1454.92
741,Frasquito,Duchateau,fduchateaukk@oracle.com,5135282696907840,mastercard,£1002.77
742,Tonya,Dunkirk,tdunkirkkl@narod.ru,3535439502654864,jcb,£822.96
743,Sarette,Wagner,swagnerkm@unesco.org,3588301480801535,jcb,£2229.08
744,Aile,Nerval,anervalkn@intel.com,30101515866143,diners-club-carte-blanche,£416.17
745,Rubina,Bice,rbiceko@goodreads.com,3551288832799918,jcb,£1891.09
746,Maia,Baalham,mbaalhamkp@washington.edu,30500579205538,diners-club-carte-blanche,£392.04
747,Aimee,Maddinon,amaddinonkq@scientificamerican.com,3588124100917493,jcb,£1581.30
748,Micki,Ritson,mritsonkr@google.pl,3583650962129889,jcb,£1254.10
749,Masha,McMichell,mmcmichellks@tripadvisor.com,201924824382871,diners-club-enroute,£310.19
750,Berna,Philippard,bphilippardkt@umich.edu,3569912448171994,jcb,£1633.96
751,Hanny,Hauger,hhaugerku@pen.io,4903934613585967,switch,£1795.50
752,Ariana,Schild,aschildkv@alibaba.com,374622134752343,americanexpress,£1738.52
753,Brian,Banisch,bbanischkw@indiegogo.com,3545125825852545,jcb,£1084.40
754,Veriee,Yorkston,vyorkstonkx@addtoany.com,3538153320053715,jcb,£2378.29
755,Osmond,Clibbery,oclibberyky@is.gd,3535282391871250,jcb,£134.03
756,Ches,Sollis,csolliskz@discovery.com,370894848580708,americanexpress,£211.61
757,Alicia,Kaminski,akaminskil0@gnu.org,3577011704339633,jcb,£1982.16
758,Leroy,Legrand,llegrandl1@sakura.ne.jp,3583533960774353,jcb,£429.08
759,Sherwynd,Sidebotham,ssidebothaml2@ovh.net,6334014323067835956,solo,£129.95
760,Haze,Hardey,hhardeyl3@t-online.de,3558842120209973,jcb,£451.69
761,Thia,Childs,tchildsl4@ocn.ne.jp,3533489836214002,jcb,£209.94
762,Gregoire,Jeckells,gjeckellsl5@google.pl,374288082643353,americanexpress,£846.78
763,Joseito,Knivett,jknivettl6@dell.com,560222230424428918,china-unionpay,£1688.05
764,Gabi,Wabey,gwabeyl7@ucla.edu,3549723275719630,jcb,£1441.29
765,Frasco,Hinners,fhinnersl8@unc.edu,4844724400230428,visa-electron,£998.08
766,Gabriela,Follis,gfollisl9@wordpress.org,201851117614712,diners-club-enroute,£2087.04
767,Chrysa,Elis,celisla@google.cn,67094264849527229,laser,£1503.12
768,Winnie,Webberley,wwebberleylb@joomla.org,201463556948047,diners-club-enroute,£341.85
769,Janie,Bottomley,jbottomleylc@msu.edu,4913125376499995,visa-electron,£297.98
770,Beverly,Buddles,bbuddlesld@a8.net,5421279479649337,mastercard,£2173.14
771,Brose,Sturrock,bsturrockle@jimdo.com,3585486403779216,jcb,£610.95
772,Darren,Wayne,dwaynelf@hp.com,4026913215350170,visa-electron,£127.20
773,Kele,Arnault,karnaultlg@uol.com.br,201965914272589,diners-club-enroute,£918.37
774,Margery,Bellham,mbellhamlh@wp.com,5100141808564942,mastercard,£1183.81
775,Mohandas,Kall,mkallli@paginegialle.it,5010124630097777,mastercard,£1360.75
776,Olympie,Keirle,okeirlelj@who.int,4917974922883616,visa-electron,£111.13
777,Windham,Stammers,wstammerslk@icq.com,4917890185431218,visa-electron,£251.00
778,Court,Knellen,cknellenll@earthlink.net,5602234493653295,bankcard,£393.05
779,Derby,Standing,dstandinglm@addtoany.com,3587486686981875,jcb,£2398.01
780,Estel,Novis,enovisln@globo.com,372301752654311,americanexpress,£1183.77
781,Shoshanna,Ducarel,sducarello@hao123.com,3567879389603370,jcb,£922.39
782,Reynold,MacMaster,rmacmasterlp@tmall.com,56022185812417041,china-unionpay,£349.50
783,Rianon,Pinckney,rpinckneylq@java.com,374288572686987,americanexpress,£1361.33
784,Guy,Challenor,gchallenorlr@businessinsider.com,346089204937086,americanexpress,£454.05
785,Robina,Selly,rsellyls@oracle.com,50208231211241209,maestro,£375.84
786,Dalia,Beet,dbeetlt@cisco.com,5602251320623898133,china-unionpay,£2091.55
787,Gertie,Blance,gblancelu@wiley.com,3549792212828481,jcb,£1776.61
788,Annemarie,Kittman,akittmanlv@aol.com,3553349198659720,jcb,£51.42
789,Merrily,Bartels,mbartelslw@adobe.com,3539336625883279,jcb,£328.05
790,Munroe,Mitchard,mmitchardlx@icio.us,3588339538263837,jcb,£1761.98
791,Heriberto,Hammand,hhammandly@ask.com,5602243415415493,bankcard,£1991.83
792,Albertine,Isbell,aisbelllz@home.pl,3583848039794707,jcb,£431.35
793,Bernadene,Scurlock,bscurlockm0@dropbox.com,5246121337186974,mastercard,£489.53
794,Janice,Slides,jslidesm1@posterous.com,347928706626169,americanexpress,£268.16
795,Peder,Waters,pwatersm2@a8.net,5100170352794928,mastercard,£1197.54
796,Elianora,Pitcaithley,epitcaithleym3@dell.com,4913852912958784,visa-electron,£1197.40
797,Emmy,McIlheran,emcilheranm4@comsenz.com,6304311357022178,laser,£1904.21
798,Odelia,Galpin,ogalpinm5@cdc.gov,5108751456959400,mastercard,£1591.10
799,Vickie,Viccary,vviccarym6@w3.org,490399760640456746,switch,£2119.99
800,Nonnah,Rodbourne,nrodbournem7@disqus.com,6763635872978813667,maestro,£161.12
801,Anastassia,Davenhall,adavenhallm8@privacy.gov.au,3546954233395519,jcb,£1631.66
802,Crawford,Tollmache,ctollmachem9@weibo.com,4017953781734036,visa,£1778.01
803,Selene,Filppetti,sfilppettima@gnu.org,3536064120630366,jcb,£2329.65
804,Sammy,Reckus,sreckusmb@uiuc.edu,0604555161807923,maestro,£616.28
805,Coop,Kunkel,ckunkelmc@drupal.org,5010125156348056,mastercard,£1326.48
806,Kirstyn,Guiu,kguiumd@wisc.edu,3550726780490528,jcb,£2205.19
807,Malvina,Fevers,mfeversme@microsoft.com,30230426814544,diners-club-carte-blanche,£2450.75
808,Gabbi,Yoakley,gyoakleymf@rakuten.co.jp,3588224506326248,jcb,£948.53
809,Riki,Stanner,rstannermg@sina.com.cn,3583422854266876,jcb,£203.98
810,Miguela,Gehrtz,mgehrtzmh@buzzfeed.com,3553655568502732,jcb,£2045.73
811,Darsie,Di Bernardo,ddibernardomi@shop-pro.jp,4017954697777,visa,£2381.59
812,Sela,Isacoff,sisacoffmj@themeforest.net,3585581549945174,jcb,£320.92
813,Gamaliel,Damrell,gdamrellmk@economist.com,3568250268384368,jcb,£723.04
814,Michele,Melia,mmeliaml@pbs.org,6389421281760468,instapayment,£2239.92
815,Kelly,Pautot,kpautotmm@trellian.com,5010121775439061,mastercard,£2280.27
816,Suzy,Simonnot,ssimonnotmn@omniture.com,5602220435535708,bankcard,£1730.02
817,Franny,Hanscomb,fhanscombmo@sbwire.com,4405177864929657,visa-electron,£482.26
818,Brunhilda,Alloway,ballowaymp@bigcartel.com,491135799427227430,switch,£1285.27
819,Wiatt,Haseley,whaseleymq@nationalgeographic.com,337941453882325,americanexpress,£1628.79
820,Ginger,Raffels,graffelsmr@friendfeed.com,3545529828751614,jcb,£2122.80
821,Joey,Ivashnyov,jivashnyovms@usgs.gov,201683047936695,diners-club-enroute,£1189.47
822,Land,Oylett,loylettmt@sun.com,3530051837483144,jcb,£1826.37
823,Devon,Sperry,dsperrymu@tinyurl.com,63040382808781670,laser,£2453.49
824,Graham,Zimek,gzimekmv@businessweek.com,6759075459924993507,maestro,£1476.89
825,Finlay,Bezarra,fbezarramw@rediff.com,3536221913708680,jcb,£890.59
826,Selie,Wardle,swardlemx@cam.ac.uk,201597738380965,diners-club-enroute,£1071.32
827,Gerhardine,Solway,gsolwaymy@senate.gov,493681883855855575,switch,£1651.81
828,Florry,Vogeler,fvogelermz@jugem.jp,5187214696835512,mastercard,£1097.98
829,Kippy,Mossom,kmossomn0@gnu.org,374283314754763,americanexpress,£1037.93
830,Nerti,Swayte,nswayten1@patch.com,3545355332998552,jcb,£531.04
831,Johanna,Briddle,jbriddlen2@japanpost.jp,3563027908233261,jcb,£1996.41
832,Fidelity,Qualtro,fqualtron3@tinyurl.com,3545034712552533,jcb,£1115.45
833,Sosanna,MacKenney,smackenneyn4@theglobeandmail.com,3550403823763614,jcb,£326.65
834,Sully,Harness,sharnessn5@cloudflare.com,5432131165250044,mastercard,£275.17
835,Luelle,Dudden,lduddenn6@stanford.edu,3583445154600858,jcb,£2055.24
836,Pippy,Roscam,proscamn7@redcross.org,4175009461513352,visa-electron,£263.50
837,Ruperta,Smaling,rsmalingn8@tiny.cc,5602210352454298,bankcard,£785.71
838,Halli,Dacombe,hdacomben9@ca.gov,5602237682019488210,china-unionpay,£18.79
839,Horton,Trainor,htrainorna@pen.io,3548353848439192,jcb,£2093.97
840,Aimee,Juett,ajuettnb@ycombinator.com,4844975078751448,visa-electron,£1560.10
841,Winnah,Ahmed,wahmednc@nbcnews.com,5380471822254506,mastercard,£2405.59
842,Gabbi,Petranek,gpetraneknd@mtv.com,3543003318867068,jcb,£1226.44
843,Lindsy,Biddell,lbiddellne@nydailynews.com,3570341687475428,jcb,£363.71
844,Major,Follows,mfollowsnf@sfgate.com,3538372062388762,jcb,£1839.78
845,Shoshanna,Siderfin,ssiderfinng@dailymail.co.uk,3544683323761122,jcb,£2248.97
846,Nananne,Wiseman,nwisemannh@bloglines.com,347071178307362,americanexpress,£1010.53
847,Nevil,Schellig,nschelligni@reuters.com,3545534455405435,jcb,£1585.58
848,Nevsa,Adriano,nadrianonj@blogs.com,3534789573916811,jcb,£2236.87
849,Lilli,Vyse,lvysenk@hhs.gov,3571614700888788,jcb,£2349.01
850,Octavius,Darinton,odarintonnl@go.com,3588697885315298,jcb,£1604.68
851,Charis,Wicklen,cwicklennm@mtv.com,5610239835929568601,china-unionpay,£1033.21
852,Kalle,Cavan,kcavannn@pbs.org,30041758412173,diners-club-carte-blanche,£123.74
853,Bengt,Weatherburn,bweatherburnno@stumbleupon.com,4566772722814128,visa,£552.62
854,Bondon,Carde,bcardenp@smugmug.com,5100137403881616,mastercard,£1583.42
855,Mikael,Wheelton,mwheeltonnq@liveinternet.ru,4041596786988584,visa,£1966.18
856,Mada,Ruske,mruskenr@delicious.com,67715508864672461,laser,£1502.75
857,Mariel,Mallard,mmallardns@mapy.cz,3534935879374987,jcb,£1084.10
858,Enos,Olechnowicz,eolechnowicznt@pinterest.com,6331101523900743156,switch,£1865.23
859,Nerti,Fronzek,nfronzeknu@bbc.co.uk,589377656632063315,maestro,£688.87
860,Alidia,Livingston,alivingstonnv@google.nl,3537059669850531,jcb,£575.79
861,Rina,Kearsley,rkearsleynw@bloglovin.com,5602219370324353863,china-unionpay,£2367.97
862,Aurea,Sproul,asproulnx@livejournal.com,3581566240041526,jcb,£520.98
863,Joshia,Bonson,jbonsonny@ning.com,677119895784262707,laser,£378.68
864,Crystal,Jaeggi,cjaegginz@google.co.jp,3584347726488706,jcb,£1061.36
865,Murielle,Tommasuzzi,mtommasuzzio0@wikispaces.com,201758848056420,diners-club-enroute,£190.98
866,Zaneta,Baldocci,zbaldoccio1@yelp.com,3578678638970037,jcb,£2317.63
867,Barbette,Markie,bmarkieo2@omniture.com,6709299221320653456,laser,£1523.28
868,Selby,Dwyer,sdwyero3@sphinn.com,5602225277584086,china-unionpay,£1051.67
869,Darcy,McBlain,dmcblaino4@webeden.co.uk,58936586014222751,maestro,£1582.95
870,Ramsay,Bicksteth,rbickstetho5@chicagotribune.com,5138455629354416,mastercard,£599.23
871,See,Douce,sdouceo6@uiuc.edu,56022369152996794,china-unionpay,£2040.43
872,Katti,Das,kdaso7@digg.com,3570973069605147,jcb,£189.64
873,Phillis,Alton,paltono8@uol.com.br,377592087501657,americanexpress,£2426.84
874,Thorvald,Laughnan,tlaughnano9@1und1.de,5100144128127929,mastercard,£1596.81
875,Kayle,Curtin,kcurtinoa@freewebs.com,3545358404363960,jcb,£2288.82
876,Mayer,Robinette,mrobinetteob@home.pl,201619949415008,diners-club-enroute,£1322.02
877,Gennie,Benedyktowicz,gbenedyktowiczoc@so-net.ne.jp,3546871399721124,jcb,£2270.87
878,Agatha,Weber,aweberod@hugedomains.com,3576327947232935,jcb,£2441.87
879,Milicent,Hynard,mhynardoe@craigslist.org,3577052517501431,jcb,£691.09
880,Linet,Lowbridge,llowbridgeof@netlog.com,3548054650550668,jcb,£200.02
881,Olwen,Hartropp,ohartroppog@elegantthemes.com,676368969977631885,maestro,£105.76
882,Carlen,Atyea,catyeaoh@google.fr,56022411209579213,china-unionpay,£1961.13
883,Georgie,Akess,gakessoi@joomla.org,5610678570015002,bankcard,£570.05
884,Monte,Rudwell,mrudwelloj@reuters.com,0604259253675161,maestro,£1879.72
885,Claudia,Freire,cfreireok@unesco.org,3553306230459881,jcb,£2409.45
886,Rhonda,Lauks,rlauksol@technorati.com,3535926435976877,jcb,£1324.06
887,Flori,O'Neary,fonearyom@opensource.org,3544136537509373,jcb,£1186.17
888,Charlena,Anthoine,canthoineon@vk.com,3546658932495088,jcb,£2034.14
889,Dean,Glisenan,dglisenanoo@ezinearticles.com,201889172242060,diners-club-enroute,£2117.99
890,Shaina,Hebbard,shebbardop@wikimedia.org,3574536220142262,jcb,£635.64
891,Golda,Bedin,gbedinoq@bandcamp.com,3583333072605805,jcb,£322.03
892,Kalinda,Brightie,kbrightieor@behance.net,5602252274540135,bankcard,£1741.74
893,Aloise,Duckels,aduckelsos@privacy.gov.au,4017958757890,visa,£1227.97
894,Martguerita,Gaskamp,mgaskampot@google.com.br,5641820134928538900,switch,£1194.36
895,Nikos,Osipenko,nosipenkoou@seesaa.net,6333195740438974052,switch,£1469.10
896,Erick,Alten,ealtenov@blogger.com,3537226342333876,jcb,£188.95
897,Zelma,Widdall,zwiddallow@unesco.org,372981752087594,americanexpress,£735.42
898,Elyn,Nuccitelli,enuccitelliox@reuters.com,3534531418552918,jcb,£1326.20
899,Amalie,Wisby,awisbyoy@vimeo.com,3538548240560634,jcb,£1456.48
900,Walton,Dabnot,wdabnotoz@lulu.com,5506568833858198,mastercard,£1476.28
901,Carmon,Goodnow,cgoodnowp0@people.com.cn,5359789605952088,mastercard,£2237.40
902,Burg,Wheater,bwheaterp1@ifeng.com,3583965350729698,jcb,£1927.51
903,Matthew,Sprionghall,msprionghallp2@geocities.com,633311608507691030,switch,£2461.67
904,Orlando,Toby,otobyp3@pbs.org,3569573270268603,jcb,£2318.61
905,Dare,Walhedd,dwalheddp4@usnews.com,3535055910546185,jcb,£1225.95
906,Clarke,Piggrem,cpiggremp5@apple.com,30436189038904,diners-club-carte-blanche,£1794.25
907,Missy,Sambles,msamblesp6@goodreads.com,3558577237987489,jcb,£169.29
908,Bartlett,Laying,blayingp7@vk.com,30496433184441,diners-club-carte-blanche,£1338.12
909,Natka,Ryves,nryvesp8@pen.io,5282395056621818,mastercard,£2242.35
910,Patten,Sanford,psanfordp9@taobao.com,5100176810965612,mastercard,£96.75
911,Berke,Huzzey,bhuzzeypa@seesaa.net,4508499709138518,visa-electron,£1607.80
912,Jedd,Hassard,jhassardpb@gnu.org,5414881831392131,mastercard,£520.15
913,Rem,Heindl,rheindlpc@gnu.org,6333536487434084373,switch,£1699.11
914,Olvan,Quinney,oquinneypd@indiegogo.com,3586835699926064,jcb,£2156.73
915,Matilde,Tibald,mtibaldpe@usda.gov,3559342412669298,jcb,£2297.79
916,Brandy,Gable,bgablepf@paginegialle.it,3575194944118611,jcb,£2211.50
917,Reider,Sunock,rsunockpg@google.com.au,6304603811607791762,maestro,£1718.24
918,Ardath,Franscioni,afranscioniph@phpbb.com,5602232893749619181,china-unionpay,£1485.88
919,Franky,McCabe,fmccabepi@ebay.co.uk,3540205455587614,jcb,£1281.57
920,Beckie,Safell,bsafellpj@nih.gov,3543079077986398,jcb,£1969.77
921,Launce,Kiljan,lkiljanpk@state.tx.us,4844759412437124,visa-electron,£190.68
922,Denni,Schriren,dschrirenpl@gov.uk,3545886395626532,jcb,£407.28
923,Fee,Hardaway,fhardawaypm@google.com.hk,3585971226240405,jcb,£250.48
924,Phyllis,Skerman,pskermanpn@google.de,3566432359496473,jcb,£53.55
925,Jereme,Borham,jborhampo@paginegialle.it,6767527320751035845,solo,£1440.13
926,Cozmo,Ebertz,cebertzpp@patch.com,3560534994346249,jcb,£180.05
927,Hettie,Basezzi,hbasezzipq@mail.ru,5018271583140207188,maestro,£566.79
928,Kelsey,Josilevich,kjosilevichpr@icio.us,6304272131528671658,laser,£509.82
929,Sonni,Lyford,slyfordps@ocn.ne.jp,3561552586492543,jcb,£33.07
930,Dorri,Stegell,dstegellpt@nasa.gov,3545411797537490,jcb,£2423.76
931,Gaston,MacGibbon,gmacgibbonpu@hexun.com,4041377420068293,visa,£528.26
932,Barbette,Hablet,bhabletpv@imdb.com,490569841855209154,switch,£912.21
933,Dore,Woodgate,dwoodgatepw@hc360.com,4917598312613950,visa-electron,£2179.47
934,Alphard,Trobe,atrobepx@usatoday.com,4911296437561894917,switch,£2124.79
935,Piotr,Kliemke,pkliemkepy@paginegialle.it,50183955387497547,maestro,£1236.94
936,Morten,Andreini,mandreinipz@live.com,372301238459921,americanexpress,£959.78
937,Almire,Hartegan,aharteganq0@wsj.com,4041377656313843,visa,£1090.51
938,Hill,Dymocke,hdymockeq1@hibu.com,3570877171401081,jcb,£1392.09
939,Zena,Quayle,zquayleq2@harvard.edu,6391350930665594,instapayment,£940.50
940,Zorina,Howis,zhowisq3@dailymail.co.uk,347495458253378,americanexpress,£35.54
941,Mirna,Sidery,msideryq4@tamu.edu,0604433980377952139,maestro,£905.17
942,Norry,Sheeran,nsheeranq5@upenn.edu,3579136890469064,jcb,£2462.07
943,Wynn,Whiteman,wwhitemanq6@exblog.jp,5100149567797272,mastercard,£126.62
944,Lela,Patillo,lpatilloq7@eventbrite.com,3581780307289809,jcb,£426.53
945,Rafaellle,Spinks,rspinksq8@netvibes.com,3561379279555505,jcb,£276.91
946,Carmita,Stubbins,cstubbinsq9@spotify.com,6762252160592301,maestro,£485.26
947,Ellyn,Ledrun,eledrunqa@ocn.ne.jp,4041596650176,visa,£1605.85
948,Rogers,Fossey,rfosseyqb@imdb.com,3575808747344120,jcb,£1846.70
949,Cahra,Smithers,csmithersqc@xing.com,4017955405188,visa,£996.98
950,Derrik,Casazza,dcasazzaqd@ucoz.ru,56022383679713384,china-unionpay,£226.50
951,Sigvard,Le Blond,sleblondqe@goo.ne.jp,5020534179443430,maestro,£2425.86
952,Allis,Sly,aslyqf@wsj.com,3548760645373244,jcb,£1590.45
953,Lanny,Danzelman,ldanzelmanqg@naver.com,5499255888943484,diners-club-us-ca,£1828.30
954,Ferrel,Hardware,fhardwareqh@guardian.co.uk,6334860410258462,solo,£569.60
955,Chiquia,Dartan,cdartanqi@google.pl,5018058595521979,maestro,£1286.16
956,Huberto,Foxworthy,hfoxworthyqj@nsw.gov.au,374283678519208,americanexpress,£1328.98
957,Bastien,Luna,blunaqk@tinyurl.com,3535899724461671,jcb,£438.52
958,Gwendolin,Le Grand,glegrandql@tumblr.com,3541333669143013,jcb,£1113.98
959,Renado,Eplate,replateqm@rambler.ru,30182974284499,diners-club-carte-blanche,£1919.87
960,Sancho,Folonin,sfoloninqn@lulu.com,3587606447597906,jcb,£1844.52
961,Mikkel,McAlinion,mmcalinionqo@wired.com,5459684747594931,mastercard,£1908.75
962,Helsa,Albasini,halbasiniqp@bing.com,6763416133987069345,maestro,£122.73
963,Tomi,Greaves,tgreavesqq@sfgate.com,3570012720906881,jcb,£2006.75
964,Lazaro,Scarce,lscarceqr@wp.com,6759416554640251426,switch,£1614.76
965,Callida,Adnams,cadnamsqs@bluehost.com,3535173397416184,jcb,£1435.20
966,Sanderson,Cauldwell,scauldwellqt@mtv.com,5100136824270904,mastercard,£1740.02
967,Keelby,Aspling,kasplingqu@mayoclinic.com,3587136318964167,jcb,£2101.25
968,Tawsha,Pountain,tpountainqv@ask.com,3532667576898032,jcb,£1992.22
969,Hildegaard,Botger,hbotgerqw@seesaa.net,30164207699727,diners-club-carte-blanche,£482.96
970,Lannie,Plumstead,lplumsteadqx@adobe.com,3582405427273967,jcb,£555.62
971,Dorey,Maynell,dmaynellqy@marketwatch.com,201500424702666,diners-club-enroute,£930.26
972,Cherrita,Darbey,cdarbeyqz@java.com,6761552614998488,maestro,£241.82
973,Randene,Kitchin,rkitchinr0@quantcast.com,4017956596437745,visa,£960.65
974,Kyrstin,Niesel,knieselr1@dot.gov,3581477680762623,jcb,£372.50
975,Nikolaos,Tranckle,ntranckler2@list-manage.com,374283564326676,americanexpress,£345.63
976,Tobit,Stennard,tstennardr3@example.com,3576530977158173,jcb,£2318.95
977,Micaela,Lindsell,mlindsellr4@go.com,5020469750640957,maestro,£433.51
978,Benedikt,Witterick,bwitterickr5@bbc.co.uk,3589682067202182,jcb,£2172.35
979,Kinnie,Whitby,kwhitbyr6@wix.com,30053703073570,diners-club-carte-blanche,£1790.34
980,Zacharie,Eberle,zeberler7@vk.com,6333148022401816,switch,£2157.00
981,Denny,Goss,dgossr8@google.fr,3532233029878822,jcb,£872.64
982,Torr,Jermy,tjermyr9@skype.com,3568922860675407,jcb,£905.24
983,Willie,Gjerde,wgjerdera@dot.gov,560221463979024045,china-unionpay,£1720.51
984,Channa,O'Hannen,cohannenrb@cisco.com,67594918267847980,maestro,£344.93
985,Gates,De Atta,gdeattarc@vk.com,30328194410253,diners-club-carte-blanche,£142.88
986,Leela,Mariette,lmarietterd@php.net,3569221091006055,jcb,£265.54
987,Antin,Vallerine,avallerinere@parallels.com,3563596887046977,jcb,£709.82
988,Maggie,Ganders,mgandersrf@microsoft.com,3528911899479245,jcb,£1678.37
989,Carry,Verlander,cverlanderrg@dedecms.com,5100171058592749,mastercard,£1706.43
990,Domini,Whipp,dwhipprh@oaic.gov.au,3584031413992929,jcb,£2238.73
991,Aarika,Thomerson,athomersonri@sfgate.com,6771577805138048132,laser,£2369.01
992,Rosalie,Pusey,rpuseyrj@zimbio.com,6706150869291224592,laser,£2455.81
993,Art,Klossmann,aklossmannrk@weather.com,5228895841870213,mastercard,£750.45
994,Iosep,Ridge,iridgerl@yale.edu,67095941722747789,laser,£261.05
995,Lev,Evill,levillrm@ted.com,3566312232334929,jcb,£1592.68
996,Arabele,Snoxell,asnoxellrn@zdnet.com,3552400119846978,jcb,£51.89
997,Ulla,Baylis,ubaylisro@go.com,3588062846383606,jcb,£183.11
998,Thebault,Hargey,thargeyrp@acquirethisname.com,6333113980012921298,switch,£1000.03
999,Sarine,Saladine,ssaladinerq@webmd.com,3546689963706952,jcb,£1484.86
1000,Naoma,Philcock,nphilcockrr@nymag.com,3550158169759937,jcb,£908.68
